"scenario_id","scenario_label","scenario_family","purpose","effect_source","theta_A","theta_B","gamma","method_id","claim_regime","adjustment_method","allocation_strategy","manuscript_role","N","alpha","nrep","variance_method","distribution","expected_analytic_match","truth_delta_AB_minus_A","truth_delta_AB_minus_B","plan_delta_AB_minus_A","plan_delta_AB_minus_B","margin_AB_minus_A","margin_AB_minus_B","sigma2_A","sigma2_B","sigma2_AB","allocation_A","allocation_B","allocation_AB","n_A","n_B","n_AB","true_null_AB_minus_A","true_null_AB_minus_B","cutoff_mean","cutoff_min","cutoff_max","empirical_joint_success","empirical_joint_success_lcl","empirical_joint_success_ucl","analytic_joint_success","planned_analytic_joint_success","joint_success_absolute_difference","empirical_any_true_reject","empirical_any_true_reject_lcl","empirical_any_true_reject_ucl","analytic_any_true_reject","empirical_false_full_contribution","empirical_false_full_contribution_lcl","empirical_false_full_contribution_ucl","analytic_false_full_contribution","empirical_marginal_power_AB_minus_A","empirical_marginal_power_AB_minus_B","analytic_marginal_power_AB_minus_A","analytic_marginal_power_AB_minus_B","seed"
"global_null__alpha_0p025","global_null","global_null","False full-contribution conclusion when neither component contribution is present","direct_delta",NA,NA,NA,"equal_iut_full","full_contribution","iut","equal","transparent equal-allocation full-contribution baseline",240,0.025,50000,"common","normal",TRUE,0,0,0.45,0.45,0,0,1,1,1,0.333333,0.333333,0.333333,80,80,80,TRUE,TRUE,1.959964,1.959964,1.959964,0.00526,0.004626,0.005894,0.004622,0.704031,0.000638,0.04692,0.045066,0.048774,0.045378,0.00526,0.004626,0.005894,0.004622,0.02632,0.02586,0.025,0.025,202607191
"global_null__alpha_0p025","global_null","global_null","False full-contribution conclusion when neither component contribution is present","direct_delta",NA,NA,NA,"shared_arm_iut_full","full_contribution","iut","shared_arm_benchmark","shared-arm benchmark for two contribution comparisons",240,0.025,50000,"common","normal",TRUE,0,0,0.45,0.45,0,0,1,1,1,0.292893,0.292893,0.414214,70,70,100,TRUE,TRUE,1.959964,1.959964,1.959964,0.00386,0.003316,0.004404,0.003493,0.710662,0.000367,0.04928,0.047383,0.051177,0.046507,0.00386,0.003316,0.004404,0.003493,0.02692,0.02622,0.025,0.025,202607192
"global_null__alpha_0p025","global_null","global_null","False full-contribution conclusion when neither component contribution is present","direct_delta",NA,NA,NA,"plugin_iut_full","full_contribution","iut","plugin_joint_success","planned-effect allocation for the full-contribution IUT decision",240,0.025,50000,"common","normal",TRUE,0,0,0.45,0.45,0,0,1,1,1,0.333333,0.333333,0.333333,80,80,80,TRUE,TRUE,1.959964,1.959964,1.959964,0.0047,0.0041,0.0053,0.004622,0.704031,7.8e-05,0.04642,0.044576,0.048264,0.045378,0.0047,0.0041,0.0053,0.004622,0.02558,0.02554,0.025,0.025,202607193
"global_null__alpha_0p025","global_null","global_null","False full-contribution conclusion when neither component contribution is present","direct_delta",NA,NA,NA,"conservative_iut_full","full_contribution","iut","conservative_joint_success","conservative planned-effect allocation for uncertain contribution inputs",240,0.025,50000,"common","normal",TRUE,0,0,0.45,0.45,0,0,1,1,1,0.333333,0.333333,0.333333,80,80,80,TRUE,TRUE,1.959964,1.959964,1.959964,0.00458,0.003988,0.005172,0.004622,0.704031,4.2e-05,0.04708,0.045223,0.048937,0.045378,0.00458,0.003988,0.005172,0.004622,0.02554,0.02612,0.025,0.025,202607194
"global_null__alpha_0p025","global_null","global_null","False full-contribution conclusion when neither component contribution is present","direct_delta",NA,NA,NA,"marginal_iut_full","full_contribution","iut","marginal_power_comparator","diagnostic comparator that balances the weaker marginal contribution",240,0.025,50000,"common","normal",TRUE,0,0,0.45,0.45,0,0,1,1,1,0.333333,0.333333,0.333333,80,80,80,TRUE,TRUE,1.959964,1.959964,1.959964,0.00486,0.00425,0.00547,0.004622,0.704031,0.000238,0.04604,0.044203,0.047877,0.045378,0.00486,0.00425,0.00547,0.004622,0.02612,0.02478,0.025,0.025,202607195
"global_null__alpha_0p025","global_null","global_null","False full-contribution conclusion when neither component contribution is present","direct_delta",NA,NA,NA,"equal_maxT_separate","separate_component_claims","maxT","equal","optional separate component-claim family-wise analysis",240,0.025,50000,"common","normal",TRUE,0,0,0.45,0.45,0,0,1,1,1,0.333333,0.333333,0.333333,80,80,80,TRUE,TRUE,2.212135,2.212135,2.212135,0.00194,0.001554,0.002326,0.001957,0.603361,1.7e-05,0.02452,0.023164,0.025876,0.025,0.00194,0.001554,0.002326,0.001957,0.0136,0.01286,0.013479,0.013479,202607196
"partial_null_AB_minus_A__alpha_0p025","partial_null_AB_minus_A","partial_null","False full-contribution conclusion when AB does not beat A","direct_delta",NA,NA,NA,"equal_iut_full","full_contribution","iut","equal","transparent equal-allocation full-contribution baseline",240,0.025,50000,"common","normal",TRUE,0,0.45,0.45,0.45,0,0,1,1,1,0.333333,0.333333,0.333333,80,80,80,TRUE,FALSE,1.959964,1.959964,1.959964,0.02476,0.023398,0.026122,0.024756,0.704031,4e-06,0.02502,0.023651,0.026389,0.025,0.02476,0.023398,0.026122,0.024756,0.02502,0.81094,0.025,0.812214,202608191
"partial_null_AB_minus_A__alpha_0p025","partial_null_AB_minus_A","partial_null","False full-contribution conclusion when AB does not beat A","direct_delta",NA,NA,NA,"shared_arm_iut_full","full_contribution","iut","shared_arm_benchmark","shared-arm benchmark for two contribution comparisons",240,0.025,50000,"common","normal",TRUE,0,0.45,0.45,0.45,0,0,1,1,1,0.292893,0.292893,0.414214,70,70,100,TRUE,FALSE,1.959964,1.959964,1.959964,0.02496,0.023593,0.026327,0.024499,0.710662,0.000461,0.02546,0.024079,0.026841,0.025,0.02496,0.023593,0.026327,0.024499,0.02546,0.82168,0.025,0.823202,202608192
"partial_null_AB_minus_A__alpha_0p025","partial_null_AB_minus_A","partial_null","False full-contribution conclusion when AB does not beat A","direct_delta",NA,NA,NA,"plugin_iut_full","full_contribution","iut","plugin_joint_success","planned-effect allocation for the full-contribution IUT decision",240,0.025,50000,"common","normal",TRUE,0,0.45,0.45,0.45,0,0,1,1,1,0.333333,0.333333,0.333333,80,80,80,TRUE,FALSE,1.959964,1.959964,1.959964,0.02488,0.023515,0.026245,0.024756,0.704031,0.000124,0.02516,0.023787,0.026533,0.025,0.02488,0.023515,0.026245,0.024756,0.02516,0.81182,0.025,0.812214,202608193
"partial_null_AB_minus_A__alpha_0p025","partial_null_AB_minus_A","partial_null","False full-contribution conclusion when AB does not beat A","direct_delta",NA,NA,NA,"conservative_iut_full","full_contribution","iut","conservative_joint_success","conservative planned-effect allocation for uncertain contribution inputs",240,0.025,50000,"common","normal",TRUE,0,0.45,0.45,0.45,0,0,1,1,1,0.333333,0.333333,0.333333,80,80,80,TRUE,FALSE,1.959964,1.959964,1.959964,0.02512,0.023748,0.026492,0.024756,0.704031,0.000364,0.02526,0.023885,0.026635,0.025,0.02512,0.023748,0.026492,0.024756,0.02526,0.81086,0.025,0.812214,202608194
"partial_null_AB_minus_A__alpha_0p025","partial_null_AB_minus_A","partial_null","False full-contribution conclusion when AB does not beat A","direct_delta",NA,NA,NA,"marginal_iut_full","full_contribution","iut","marginal_power_comparator","diagnostic comparator that balances the weaker marginal contribution",240,0.025,50000,"common","normal",TRUE,0,0.45,0.45,0.45,0,0,1,1,1,0.333333,0.333333,0.333333,80,80,80,TRUE,FALSE,1.959964,1.959964,1.959964,0.02494,0.023573,0.026307,0.024756,0.704031,0.000184,0.02518,0.023807,0.026553,0.025,0.02494,0.023573,0.026307,0.024756,0.02518,0.80836,0.025,0.812214,202608195
"partial_null_AB_minus_A__alpha_0p025","partial_null_AB_minus_A","partial_null","False full-contribution conclusion when AB does not beat A","direct_delta",NA,NA,NA,"equal_maxT_separate","separate_component_claims","maxT","equal","optional separate component-claim family-wise analysis",240,0.025,50000,"common","normal",TRUE,0,0.45,0.45,0.45,0,0,1,1,1,0.333333,0.333333,0.333333,80,80,80,TRUE,FALSE,2.212135,2.212135,2.212135,0.01456,0.01351,0.01561,0.013281,0.603361,0.001279,0.01476,0.013703,0.015817,0.013479,0.01456,0.01351,0.01561,0.013281,0.01476,0.73326,0.013479,0.736932,202608196
"partial_null_AB_minus_B__alpha_0p025","partial_null_AB_minus_B","partial_null","False full-contribution conclusion when AB does not beat B","direct_delta",NA,NA,NA,"equal_iut_full","full_contribution","iut","equal","transparent equal-allocation full-contribution baseline",240,0.025,50000,"common","normal",TRUE,0.45,0,0.45,0.45,0,0,1,1,1,0.333333,0.333333,0.333333,80,80,80,FALSE,TRUE,1.959964,1.959964,1.959964,0.02434,0.022989,0.025691,0.024756,0.704031,0.000416,0.02454,0.023184,0.025896,0.025,0.02434,0.022989,0.025691,0.024756,0.80932,0.02454,0.812214,0.025,202609191
"partial_null_AB_minus_B__alpha_0p025","partial_null_AB_minus_B","partial_null","False full-contribution conclusion when AB does not beat B","direct_delta",NA,NA,NA,"shared_arm_iut_full","full_contribution","iut","shared_arm_benchmark","shared-arm benchmark for two contribution comparisons",240,0.025,50000,"common","normal",TRUE,0.45,0,0.45,0.45,0,0,1,1,1,0.292893,0.292893,0.414214,70,70,100,FALSE,TRUE,1.959964,1.959964,1.959964,0.0256,0.024216,0.026984,0.024499,0.710662,0.001101,0.02612,0.024722,0.027518,0.025,0.0256,0.024216,0.026984,0.024499,0.82296,0.02612,0.823202,0.025,202609192
"partial_null_AB_minus_B__alpha_0p025","partial_null_AB_minus_B","partial_null","False full-contribution conclusion when AB does not beat B","direct_delta",NA,NA,NA,"plugin_iut_full","full_contribution","iut","plugin_joint_success","planned-effect allocation for the full-contribution IUT decision",240,0.025,50000,"common","normal",TRUE,0.45,0,0.45,0.45,0,0,1,1,1,0.333333,0.333333,0.333333,80,80,80,FALSE,TRUE,1.959964,1.959964,1.959964,0.02572,0.024332,0.027108,0.024756,0.704031,0.000964,0.02598,0.024586,0.027374,0.025,0.02572,0.024332,0.027108,0.024756,0.81196,0.02598,0.812214,0.025,202609193
"partial_null_AB_minus_B__alpha_0p025","partial_null_AB_minus_B","partial_null","False full-contribution conclusion when AB does not beat B","direct_delta",NA,NA,NA,"conservative_iut_full","full_contribution","iut","conservative_joint_success","conservative planned-effect allocation for uncertain contribution inputs",240,0.025,50000,"common","normal",TRUE,0.45,0,0.45,0.45,0,0,1,1,1,0.333333,0.333333,0.333333,80,80,80,FALSE,TRUE,1.959964,1.959964,1.959964,0.02424,0.022892,0.025588,0.024756,0.704031,0.000516,0.02462,0.023262,0.025978,0.025,0.02424,0.022892,0.025588,0.024756,0.81424,0.02462,0.812214,0.025,202609194
"partial_null_AB_minus_B__alpha_0p025","partial_null_AB_minus_B","partial_null","False full-contribution conclusion when AB does not beat B","direct_delta",NA,NA,NA,"marginal_iut_full","full_contribution","iut","marginal_power_comparator","diagnostic comparator that balances the weaker marginal contribution",240,0.025,50000,"common","normal",TRUE,0.45,0,0.45,0.45,0,0,1,1,1,0.333333,0.333333,0.333333,80,80,80,FALSE,TRUE,1.959964,1.959964,1.959964,0.0267,0.025287,0.028113,0.024756,0.704031,0.001944,0.0268,0.025384,0.028216,0.025,0.0267,0.025287,0.028113,0.024756,0.8118,0.0268,0.812214,0.025,202609195
"partial_null_AB_minus_B__alpha_0p025","partial_null_AB_minus_B","partial_null","False full-contribution conclusion when AB does not beat B","direct_delta",NA,NA,NA,"equal_maxT_separate","separate_component_claims","maxT","equal","optional separate component-claim family-wise analysis",240,0.025,50000,"common","normal",TRUE,0.45,0,0.45,0.45,0,0,1,1,1,0.333333,0.333333,0.333333,80,80,80,FALSE,TRUE,2.212135,2.212135,2.212135,0.01376,0.012739,0.014781,0.013281,0.603361,0.000479,0.01398,0.012951,0.015009,0.013479,0.01376,0.012739,0.014781,0.013281,0.73798,0.01398,0.736932,0.013479,202609196
"balanced_positive__alpha_0p025","balanced_positive","alternative","Balanced contribution effects under correctly planned effects","direct_delta",NA,NA,NA,"equal_iut_full","full_contribution","iut","equal","transparent equal-allocation full-contribution baseline",240,0.025,50000,"common","normal",TRUE,0.45,0.45,0.45,0.45,0,0,1,1,1,0.333333,0.333333,0.333333,80,80,80,FALSE,FALSE,1.959964,1.959964,1.959964,0.70506,0.701063,0.709057,0.704031,0.704031,0.001029,NA,NA,NA,NA,NA,NA,NA,NA,0.81226,0.81138,0.812214,0.812214,202610191
"balanced_positive__alpha_0p025","balanced_positive","alternative","Balanced contribution effects under correctly planned effects","direct_delta",NA,NA,NA,"shared_arm_iut_full","full_contribution","iut","shared_arm_benchmark","shared-arm benchmark for two contribution comparisons",240,0.025,50000,"common","normal",TRUE,0.45,0.45,0.45,0.45,0,0,1,1,1,0.292893,0.292893,0.414214,70,70,100,FALSE,FALSE,1.959964,1.959964,1.959964,0.71156,0.707589,0.715531,0.710662,0.710662,0.000898,NA,NA,NA,NA,NA,NA,NA,NA,0.82582,0.82056,0.823202,0.823202,202610192
"balanced_positive__alpha_0p025","balanced_positive","alternative","Balanced contribution effects under correctly planned effects","direct_delta",NA,NA,NA,"plugin_iut_full","full_contribution","iut","plugin_joint_success","planned-effect allocation for the full-contribution IUT decision",240,0.025,50000,"common","normal",TRUE,0.45,0.45,0.45,0.45,0,0,1,1,1,0.333333,0.333333,0.333333,80,80,80,FALSE,FALSE,1.959964,1.959964,1.959964,0.70274,0.698734,0.706746,0.704031,0.704031,0.001291,NA,NA,NA,NA,NA,NA,NA,NA,0.81208,0.81074,0.812214,0.812214,202610193
"balanced_positive__alpha_0p025","balanced_positive","alternative","Balanced contribution effects under correctly planned effects","direct_delta",NA,NA,NA,"conservative_iut_full","full_contribution","iut","conservative_joint_success","conservative planned-effect allocation for uncertain contribution inputs",240,0.025,50000,"common","normal",TRUE,0.45,0.45,0.45,0.45,0,0,1,1,1,0.333333,0.333333,0.333333,80,80,80,FALSE,FALSE,1.959964,1.959964,1.959964,0.70598,0.701986,0.709974,0.704031,0.704031,0.001949,NA,NA,NA,NA,NA,NA,NA,NA,0.81306,0.8147,0.812214,0.812214,202610194
"balanced_positive__alpha_0p025","balanced_positive","alternative","Balanced contribution effects under correctly planned effects","direct_delta",NA,NA,NA,"marginal_iut_full","full_contribution","iut","marginal_power_comparator","diagnostic comparator that balances the weaker marginal contribution",240,0.025,50000,"common","normal",TRUE,0.45,0.45,0.45,0.45,0,0,1,1,1,0.333333,0.333333,0.333333,80,80,80,FALSE,FALSE,1.959964,1.959964,1.959964,0.70136,0.697348,0.705372,0.704031,0.704031,0.002671,NA,NA,NA,NA,NA,NA,NA,NA,0.8103,0.81082,0.812214,0.812214,202610195
"balanced_positive__alpha_0p025","balanced_positive","alternative","Balanced contribution effects under correctly planned effects","direct_delta",NA,NA,NA,"equal_maxT_separate","separate_component_claims","maxT","equal","optional separate component-claim family-wise analysis",240,0.025,50000,"common","normal",TRUE,0.45,0.45,0.45,0.45,0,0,1,1,1,0.333333,0.333333,0.333333,80,80,80,FALSE,FALSE,2.212135,2.212135,2.212135,0.6089,0.604623,0.613177,0.603361,0.603361,0.005539,NA,NA,NA,NA,NA,NA,NA,NA,0.74,0.73972,0.736932,0.736932,202610196
"limiting_AB_minus_A__alpha_0p025","limiting_AB_minus_A","alternative","The first contribution contrast is harder and the planned vector is correct","direct_delta",NA,NA,NA,"equal_iut_full","full_contribution","iut","equal","transparent equal-allocation full-contribution baseline",260,0.025,50000,"common","normal",TRUE,0.28,0.55,0.28,0.55,0,0,1,1,1,0.333333,0.333333,0.333333,87,87,86,FALSE,FALSE,1.959964,1.959964,1.959964,0.45208,0.447717,0.456443,0.44821,0.44821,0.00387,NA,NA,NA,NA,NA,NA,NA,NA,0.45624,0.9517,0.452803,0.951244,202611191
"limiting_AB_minus_A__alpha_0p025","limiting_AB_minus_A","alternative","The first contribution contrast is harder and the planned vector is correct","direct_delta",NA,NA,NA,"shared_arm_iut_full","full_contribution","iut","shared_arm_benchmark","shared-arm benchmark for two contribution comparisons",260,0.025,50000,"common","normal",TRUE,0.28,0.55,0.28,0.55,0,0,1,1,1,0.292893,0.292893,0.414214,76,76,108,FALSE,FALSE,1.959964,1.959964,1.959964,0.45684,0.452474,0.461206,0.457813,0.457813,0.000973,NA,NA,NA,NA,NA,NA,NA,NA,0.46278,0.95664,0.464203,0.956687,202611192
"limiting_AB_minus_A__alpha_0p025","limiting_AB_minus_A","alternative","The first contribution contrast is harder and the planned vector is correct","direct_delta",NA,NA,NA,"plugin_iut_full","full_contribution","iut","plugin_joint_success","planned-effect allocation for the full-contribution IUT decision",260,0.025,50000,"common","normal",TRUE,0.28,0.55,0.28,0.55,0,0,1,1,1,0.39677,0.201108,0.402121,103,52,105,FALSE,FALSE,1.959964,1.959964,1.959964,0.50292,0.498537,0.507303,0.499475,0.499475,0.003445,NA,NA,NA,NA,NA,NA,NA,NA,0.52698,0.89962,0.523544,0.900342,202611193
"limiting_AB_minus_A__alpha_0p025","limiting_AB_minus_A","alternative","The first contribution contrast is harder and the planned vector is correct","direct_delta",NA,NA,NA,"conservative_iut_full","full_contribution","iut","conservative_joint_success","conservative planned-effect allocation for uncertain contribution inputs",260,0.025,50000,"common","normal",TRUE,0.28,0.55,0.28,0.55,0,0,1,1,1,0.36603,0.270401,0.363569,95,70,95,FALSE,FALSE,1.959964,1.959964,1.959964,0.47692,0.472542,0.481298,0.478501,0.478501,0.001581,NA,NA,NA,NA,NA,NA,NA,NA,0.48732,0.937,0.487955,0.937201,202611194
"limiting_AB_minus_A__alpha_0p025","limiting_AB_minus_A","alternative","The first contribution contrast is harder and the planned vector is correct","direct_delta",NA,NA,NA,"marginal_iut_full","full_contribution","iut","marginal_power_comparator","diagnostic comparator that balances the weaker marginal contribution",260,0.025,50000,"common","normal",TRUE,0.28,0.55,0.28,0.55,0,0,1,1,1,0.403847,0.192305,0.403847,105,50,105,FALSE,FALSE,1.959964,1.959964,1.959964,0.50462,0.500237,0.509003,0.500391,0.500391,0.004229,NA,NA,NA,NA,NA,NA,NA,NA,0.53022,0.89448,0.527437,0.892691,202611195
"limiting_AB_minus_A__alpha_0p025","limiting_AB_minus_A","alternative","The first contribution contrast is harder and the planned vector is correct","direct_delta",NA,NA,NA,"equal_maxT_separate","separate_component_claims","maxT","equal","optional separate component-claim family-wise analysis",260,0.025,50000,"common","normal",TRUE,0.28,0.55,0.28,0.55,0,0,1,1,1,0.333333,0.333333,0.333333,87,87,86,FALSE,FALSE,2.211806,2.211806,2.211806,0.35428,0.350088,0.358472,0.34992,0.34992,0.00436,NA,NA,NA,NA,NA,NA,NA,NA,0.36002,0.91868,0.355533,0.920018,202611196
"limiting_AB_minus_B__alpha_0p025","limiting_AB_minus_B","alternative","The second contribution contrast is harder and the planned vector is correct","direct_delta",NA,NA,NA,"equal_iut_full","full_contribution","iut","equal","transparent equal-allocation full-contribution baseline",260,0.025,50000,"common","normal",TRUE,0.55,0.28,0.55,0.28,0,0,1,1,1,0.333333,0.333333,0.333333,87,87,86,FALSE,FALSE,1.959964,1.959964,1.959964,0.44984,0.445479,0.454201,0.44821,0.44821,0.00163,NA,NA,NA,NA,NA,NA,NA,NA,0.95108,0.45412,0.951244,0.452803,202612191
"limiting_AB_minus_B__alpha_0p025","limiting_AB_minus_B","alternative","The second contribution contrast is harder and the planned vector is correct","direct_delta",NA,NA,NA,"shared_arm_iut_full","full_contribution","iut","shared_arm_benchmark","shared-arm benchmark for two contribution comparisons",260,0.025,50000,"common","normal",TRUE,0.55,0.28,0.55,0.28,0,0,1,1,1,0.292893,0.292893,0.414214,76,76,108,FALSE,FALSE,1.959964,1.959964,1.959964,0.45936,0.454992,0.463728,0.457813,0.457813,0.001547,NA,NA,NA,NA,NA,NA,NA,NA,0.95746,0.46564,0.956687,0.464203,202612192
"limiting_AB_minus_B__alpha_0p025","limiting_AB_minus_B","alternative","The second contribution contrast is harder and the planned vector is correct","direct_delta",NA,NA,NA,"plugin_iut_full","full_contribution","iut","plugin_joint_success","planned-effect allocation for the full-contribution IUT decision",260,0.025,50000,"common","normal",TRUE,0.55,0.28,0.55,0.28,0,0,1,1,1,0.201108,0.39677,0.402121,52,103,105,FALSE,FALSE,1.959964,1.959964,1.959964,0.49794,0.493557,0.502323,0.499475,0.499475,0.001535,NA,NA,NA,NA,NA,NA,NA,NA,0.90032,0.52176,0.900342,0.523544,202612193
"limiting_AB_minus_B__alpha_0p025","limiting_AB_minus_B","alternative","The second contribution contrast is harder and the planned vector is correct","direct_delta",NA,NA,NA,"conservative_iut_full","full_contribution","iut","conservative_joint_success","conservative planned-effect allocation for uncertain contribution inputs",260,0.025,50000,"common","normal",TRUE,0.55,0.28,0.55,0.28,0,0,1,1,1,0.270401,0.36603,0.363569,70,95,95,FALSE,FALSE,1.959964,1.959964,1.959964,0.47874,0.474361,0.483119,0.478501,0.478501,0.000239,NA,NA,NA,NA,NA,NA,NA,NA,0.93702,0.48828,0.937201,0.487955,202612194
"limiting_AB_minus_B__alpha_0p025","limiting_AB_minus_B","alternative","The second contribution contrast is harder and the planned vector is correct","direct_delta",NA,NA,NA,"marginal_iut_full","full_contribution","iut","marginal_power_comparator","diagnostic comparator that balances the weaker marginal contribution",260,0.025,50000,"common","normal",TRUE,0.55,0.28,0.55,0.28,0,0,1,1,1,0.192305,0.403847,0.403847,50,105,105,FALSE,FALSE,1.959964,1.959964,1.959964,0.50188,0.497497,0.506263,0.500391,0.500391,0.001489,NA,NA,NA,NA,NA,NA,NA,NA,0.89246,0.52916,0.892691,0.527437,202612195
"limiting_AB_minus_B__alpha_0p025","limiting_AB_minus_B","alternative","The second contribution contrast is harder and the planned vector is correct","direct_delta",NA,NA,NA,"equal_maxT_separate","separate_component_claims","maxT","equal","optional separate component-claim family-wise analysis",260,0.025,50000,"common","normal",TRUE,0.55,0.28,0.55,0.28,0,0,1,1,1,0.333333,0.333333,0.333333,87,87,86,FALSE,FALSE,2.211806,2.211806,2.211806,0.35208,0.347893,0.356267,0.34992,0.34992,0.00216,NA,NA,NA,NA,NA,NA,NA,NA,0.91938,0.35772,0.920018,0.355533,202612196
"positive_margin__alpha_0p025","positive_margin","margin_sensitivity","Both contributions must exceed a positive clinical margin","direct_delta",NA,NA,NA,"equal_iut_full","full_contribution","iut","equal","transparent equal-allocation full-contribution baseline",280,0.025,50000,"common","normal",TRUE,0.55,0.55,0.55,0.55,0.1,0.1,1,1,1,0.333333,0.333333,0.333333,94,93,93,FALSE,FALSE,1.959964,1.959964,1.959964,0.78066,0.777033,0.784287,0.782826,0.782826,0.002166,NA,NA,NA,NA,NA,NA,NA,NA,0.86792,0.8626,0.867965,0.866204,202613191
"positive_margin__alpha_0p025","positive_margin","margin_sensitivity","Both contributions must exceed a positive clinical margin","direct_delta",NA,NA,NA,"shared_arm_iut_full","full_contribution","iut","shared_arm_benchmark","shared-arm benchmark for two contribution comparisons",280,0.025,50000,"common","normal",TRUE,0.55,0.55,0.55,0.55,0.1,0.1,1,1,1,0.292893,0.292893,0.414214,82,82,116,FALSE,FALSE,1.959964,1.959964,1.959964,0.79066,0.787094,0.794226,0.791032,0.791032,0.000372,NA,NA,NA,NA,NA,NA,NA,NA,0.87682,0.87554,0.87678,0.87678,202613192
"positive_margin__alpha_0p025","positive_margin","margin_sensitivity","Both contributions must exceed a positive clinical margin","direct_delta",NA,NA,NA,"plugin_iut_full","full_contribution","iut","plugin_joint_success","planned-effect allocation for the full-contribution IUT decision",280,0.025,50000,"common","normal",TRUE,0.55,0.55,0.55,0.55,0.1,0.1,1,1,1,0.333333,0.333333,0.333333,94,93,93,FALSE,FALSE,1.959964,1.959964,1.959964,0.78264,0.779025,0.786255,0.782826,0.782826,0.000186,NA,NA,NA,NA,NA,NA,NA,NA,0.86758,0.86614,0.867965,0.866204,202613193
"positive_margin__alpha_0p025","positive_margin","margin_sensitivity","Both contributions must exceed a positive clinical margin","direct_delta",NA,NA,NA,"conservative_iut_full","full_contribution","iut","conservative_joint_success","conservative planned-effect allocation for uncertain contribution inputs",280,0.025,50000,"common","normal",TRUE,0.55,0.55,0.55,0.55,0.1,0.1,1,1,1,0.333333,0.333333,0.333333,94,93,93,FALSE,FALSE,1.959964,1.959964,1.959964,0.78458,0.780976,0.788184,0.782826,0.782826,0.001754,NA,NA,NA,NA,NA,NA,NA,NA,0.86894,0.86794,0.867965,0.866204,202613194
"positive_margin__alpha_0p025","positive_margin","margin_sensitivity","Both contributions must exceed a positive clinical margin","direct_delta",NA,NA,NA,"marginal_iut_full","full_contribution","iut","marginal_power_comparator","diagnostic comparator that balances the weaker marginal contribution",280,0.025,50000,"common","normal",TRUE,0.55,0.55,0.55,0.55,0.1,0.1,1,1,1,0.333333,0.333333,0.333333,94,93,93,FALSE,FALSE,1.959964,1.959964,1.959964,0.7792,0.775564,0.782836,0.782826,0.782826,0.003626,NA,NA,NA,NA,NA,NA,NA,NA,0.86648,0.8626,0.867965,0.866204,202613195
"positive_margin__alpha_0p025","positive_margin","margin_sensitivity","Both contributions must exceed a positive clinical margin","direct_delta",NA,NA,NA,"equal_maxT_separate","separate_component_claims","maxT","equal","optional separate component-claim family-wise analysis",280,0.025,50000,"common","normal",TRUE,0.55,0.55,0.55,0.55,0.1,0.1,1,1,1,0.333333,0.333333,0.333333,94,93,93,FALSE,FALSE,2.211983,2.211983,2.211983,0.69196,0.687913,0.696007,0.694592,0.694592,0.002632,NA,NA,NA,NA,NA,NA,NA,NA,0.8003,0.80352,0.806426,0.804169,202613196
"unequal_variance_positive__alpha_0p025","unequal_variance_positive","variance_sensitivity","Correct effects with unequal arm variances and Welch standard errors","direct_delta",NA,NA,NA,"equal_iut_full","full_contribution","iut","equal","transparent equal-allocation full-contribution baseline",270,0.025,50000,"welch","normal",TRUE,0.45,0.45,0.45,0.45,0,0,1.4,1.2,0.9,0.333333,0.333333,0.333333,90,90,90,FALSE,FALSE,1.959964,1.959964,1.959964,0.70242,0.698413,0.706427,0.706423,0.706423,0.004003,NA,NA,NA,NA,NA,NA,NA,NA,0.80158,0.83646,0.803719,0.837928,202614191
"unequal_variance_positive__alpha_0p025","unequal_variance_positive","variance_sensitivity","Correct effects with unequal arm variances and Welch standard errors","direct_delta",NA,NA,NA,"shared_arm_iut_full","full_contribution","iut","shared_arm_benchmark","shared-arm benchmark for two contribution comparisons",270,0.025,50000,"welch","normal",TRUE,0.45,0.45,0.45,0.45,0,0,1.4,1.2,0.9,0.292893,0.292893,0.414214,79,79,112,FALSE,FALSE,1.959964,1.959964,1.959964,0.6993,0.695281,0.703319,0.697813,0.697813,0.001487,NA,NA,NA,NA,NA,NA,NA,NA,0.80422,0.83746,0.800648,0.839597,202614192
"unequal_variance_positive__alpha_0p025","unequal_variance_positive","variance_sensitivity","Correct effects with unequal arm variances and Welch standard errors","direct_delta",NA,NA,NA,"plugin_iut_full","full_contribution","iut","plugin_joint_success","planned-effect allocation for the full-contribution IUT decision",270,0.025,50000,"welch","normal",TRUE,0.45,0.45,0.45,0.45,0,0,1.4,1.2,0.9,0.333333,0.333333,0.333333,90,90,90,FALSE,FALSE,1.959964,1.959964,1.959964,0.7036,0.699597,0.707603,0.706423,0.706423,0.002823,NA,NA,NA,NA,NA,NA,NA,NA,0.80482,0.83474,0.803719,0.837928,202614193
"unequal_variance_positive__alpha_0p025","unequal_variance_positive","variance_sensitivity","Correct effects with unequal arm variances and Welch standard errors","direct_delta",NA,NA,NA,"conservative_iut_full","full_contribution","iut","conservative_joint_success","conservative planned-effect allocation for uncertain contribution inputs",270,0.025,50000,"welch","normal",TRUE,0.45,0.45,0.45,0.45,0,0,1.4,1.2,0.9,0.333333,0.333333,0.333333,90,90,90,FALSE,FALSE,1.959964,1.959964,1.959964,0.70486,0.700862,0.708858,0.706423,0.706423,0.001563,NA,NA,NA,NA,NA,NA,NA,NA,0.80414,0.83584,0.803719,0.837928,202614194
"unequal_variance_positive__alpha_0p025","unequal_variance_positive","variance_sensitivity","Correct effects with unequal arm variances and Welch standard errors","direct_delta",NA,NA,NA,"marginal_iut_full","full_contribution","iut","marginal_power_comparator","diagnostic comparator that balances the weaker marginal contribution",270,0.025,50000,"welch","normal",TRUE,0.45,0.45,0.45,0.45,0,0,1.4,1.2,0.9,0.333333,0.333333,0.333333,90,90,90,FALSE,FALSE,1.959964,1.959964,1.959964,0.70294,0.698935,0.706945,0.706423,0.706423,0.003483,NA,NA,NA,NA,NA,NA,NA,NA,0.80074,0.83532,0.803719,0.837928,202614195
"unequal_variance_positive__alpha_0p025","unequal_variance_positive","variance_sensitivity","Correct effects with unequal arm variances and Welch standard errors","direct_delta",NA,NA,NA,"equal_maxT_separate","separate_component_claims","maxT","equal","optional separate component-claim family-wise analysis",270,0.025,50000,"welch","normal",TRUE,0.45,0.45,0.45,0.45,0,0,1.4,1.2,0.9,0.333333,0.333333,0.333333,90,90,90,FALSE,FALSE,2.220724,2.19925,2.232385,0.60098,0.596688,0.605272,0.600648,0.600648,0.000332,NA,NA,NA,NA,NA,NA,NA,NA,0.72426,0.76364,0.723723,0.765754,202614196
"heavy_tail_global_null__alpha_0p025","heavy_tail_global_null","distribution_sensitivity","False full-contribution conclusion under modest nonnormality","direct_delta",NA,NA,NA,"equal_iut_full","full_contribution","iut","equal","transparent equal-allocation full-contribution baseline",300,0.025,50000,"common","t5",FALSE,0,0,0.45,0.45,0,0,1,1,1,0.333333,0.333333,0.333333,100,100,100,TRUE,TRUE,1.959964,1.959964,1.959964,0.00464,0.004044,0.005236,0.004622,0.8158,1.8e-05,0.04606,0.044223,0.047897,0.045378,0.00464,0.004044,0.005236,0.004622,0.02568,0.02502,0.025,0.025,202615191
"heavy_tail_global_null__alpha_0p025","heavy_tail_global_null","distribution_sensitivity","False full-contribution conclusion under modest nonnormality","direct_delta",NA,NA,NA,"shared_arm_iut_full","full_contribution","iut","shared_arm_benchmark","shared-arm benchmark for two contribution comparisons",300,0.025,50000,"common","t5",FALSE,0,0,0.45,0.45,0,0,1,1,1,0.292893,0.292893,0.414214,88,88,124,TRUE,TRUE,1.959964,1.959964,1.959964,0.00376,0.003224,0.004296,0.003531,0.823807,0.000229,0.04812,0.046244,0.049996,0.046469,0.00376,0.003224,0.004296,0.003531,0.0257,0.02618,0.025,0.025,202615192
"heavy_tail_global_null__alpha_0p025","heavy_tail_global_null","distribution_sensitivity","False full-contribution conclusion under modest nonnormality","direct_delta",NA,NA,NA,"plugin_iut_full","full_contribution","iut","plugin_joint_success","planned-effect allocation for the full-contribution IUT decision",300,0.025,50000,"common","t5",FALSE,0,0,0.45,0.45,0,0,1,1,1,0.333333,0.333333,0.333333,100,100,100,TRUE,TRUE,1.959964,1.959964,1.959964,0.00482,0.004213,0.005427,0.004622,0.8158,0.000198,0.04532,0.043497,0.047143,0.045378,0.00482,0.004213,0.005427,0.004622,0.02436,0.02578,0.025,0.025,202615193
"heavy_tail_global_null__alpha_0p025","heavy_tail_global_null","distribution_sensitivity","False full-contribution conclusion under modest nonnormality","direct_delta",NA,NA,NA,"conservative_iut_full","full_contribution","iut","conservative_joint_success","conservative planned-effect allocation for uncertain contribution inputs",300,0.025,50000,"common","t5",FALSE,0,0,0.45,0.45,0,0,1,1,1,0.333333,0.333333,0.333333,100,100,100,TRUE,TRUE,1.959964,1.959964,1.959964,0.00494,0.004325,0.005555,0.004622,0.8158,0.000318,0.04612,0.044282,0.047958,0.045378,0.00494,0.004325,0.005555,0.004622,0.02562,0.02544,0.025,0.025,202615194
"heavy_tail_global_null__alpha_0p025","heavy_tail_global_null","distribution_sensitivity","False full-contribution conclusion under modest nonnormality","direct_delta",NA,NA,NA,"marginal_iut_full","full_contribution","iut","marginal_power_comparator","diagnostic comparator that balances the weaker marginal contribution",300,0.025,50000,"common","t5",FALSE,0,0,0.45,0.45,0,0,1,1,1,0.333333,0.333333,0.333333,100,100,100,TRUE,TRUE,1.959964,1.959964,1.959964,0.0049,0.004288,0.005512,0.004622,0.8158,0.000278,0.04618,0.04434,0.04802,0.045378,0.0049,0.004288,0.005512,0.004622,0.02612,0.02496,0.025,0.025,202615195
"heavy_tail_global_null__alpha_0p025","heavy_tail_global_null","distribution_sensitivity","False full-contribution conclusion under modest nonnormality","direct_delta",NA,NA,NA,"equal_maxT_separate","separate_component_claims","maxT","equal","optional separate component-claim family-wise analysis",300,0.025,50000,"common","t5",FALSE,0,0,0.45,0.45,0,0,1,1,1,0.333333,0.333333,0.333333,100,100,100,TRUE,TRUE,2.212135,2.212135,2.212135,0.00218,0.001771,0.002589,0.001957,0.73461,0.000223,0.02684,0.025423,0.028257,0.025,0.00218,0.001771,0.002589,0.001957,0.01446,0.01456,0.013479,0.013479,202615196
"overoptimistic_planning__alpha_0p025","overoptimistic_planning","effect_misspecification","The planned effects are stronger than the true effects","direct_delta",NA,NA,NA,"equal_iut_full","full_contribution","iut","equal","transparent equal-allocation full-contribution baseline",240,0.025,50000,"common","normal",TRUE,0.32,0.32,0.55,0.55,0,0,1,1,1,0.333333,0.333333,0.333333,80,80,80,FALSE,FALSE,1.959964,1.959964,1.959964,0.36298,0.358765,0.367195,0.359181,0.888537,0.003799,NA,NA,NA,NA,NA,NA,NA,NA,0.5284,0.53152,0.525473,0.525473,202616191
"overoptimistic_planning__alpha_0p025","overoptimistic_planning","effect_misspecification","The planned effects are stronger than the true effects","direct_delta",NA,NA,NA,"shared_arm_iut_full","full_contribution","iut","shared_arm_benchmark","shared-arm benchmark for two contribution comparisons",240,0.025,50000,"common","normal",TRUE,0.32,0.32,0.55,0.55,0,0,1,1,1,0.292893,0.292893,0.414214,70,70,100,FALSE,FALSE,1.959964,1.959964,1.959964,0.35594,0.351743,0.360137,0.355662,0.895639,0.000278,NA,NA,NA,NA,NA,NA,NA,NA,0.53702,0.53696,0.537223,0.537223,202616192
"overoptimistic_planning__alpha_0p025","overoptimistic_planning","effect_misspecification","The planned effects are stronger than the true effects","direct_delta",NA,NA,NA,"plugin_iut_full","full_contribution","iut","plugin_joint_success","planned-effect allocation for the full-contribution IUT decision",240,0.025,50000,"common","normal",TRUE,0.32,0.32,0.55,0.55,0,0,1,1,1,0.333333,0.333333,0.333333,80,80,80,FALSE,FALSE,1.959964,1.959964,1.959964,0.36196,0.357748,0.366172,0.359181,0.888537,0.002779,NA,NA,NA,NA,NA,NA,NA,NA,0.52732,0.52306,0.525473,0.525473,202616193
"overoptimistic_planning__alpha_0p025","overoptimistic_planning","effect_misspecification","The planned effects are stronger than the true effects","direct_delta",NA,NA,NA,"conservative_iut_full","full_contribution","iut","conservative_joint_success","conservative planned-effect allocation for uncertain contribution inputs",240,0.025,50000,"common","normal",TRUE,0.32,0.32,0.55,0.55,0,0,1,1,1,0.333333,0.333333,0.333333,80,80,80,FALSE,FALSE,1.959964,1.959964,1.959964,0.35896,0.354755,0.363165,0.359181,0.888537,0.000221,NA,NA,NA,NA,NA,NA,NA,NA,0.52252,0.52678,0.525473,0.525473,202616194
"overoptimistic_planning__alpha_0p025","overoptimistic_planning","effect_misspecification","The planned effects are stronger than the true effects","direct_delta",NA,NA,NA,"marginal_iut_full","full_contribution","iut","marginal_power_comparator","diagnostic comparator that balances the weaker marginal contribution",240,0.025,50000,"common","normal",TRUE,0.32,0.32,0.55,0.55,0,0,1,1,1,0.333333,0.333333,0.333333,80,80,80,FALSE,FALSE,1.959964,1.959964,1.959964,0.36194,0.357728,0.366152,0.359181,0.888537,0.002759,NA,NA,NA,NA,NA,NA,NA,NA,0.52752,0.52722,0.525473,0.525473,202616195
"overoptimistic_planning__alpha_0p025","overoptimistic_planning","effect_misspecification","The planned effects are stronger than the true effects","direct_delta",NA,NA,NA,"equal_maxT_separate","separate_component_claims","maxT","equal","optional separate component-claim family-wise analysis",240,0.025,50000,"common","normal",TRUE,0.32,0.32,0.55,0.55,0,0,1,1,1,0.333333,0.333333,0.333333,80,80,80,FALSE,FALSE,2.212135,2.212135,2.212135,0.26572,0.261848,0.269592,0.261888,0.828264,0.003832,NA,NA,NA,NA,NA,NA,NA,NA,0.4274,0.42802,0.42533,0.42533,202616196
"reversed_limiting_component__alpha_0p025","reversed_limiting_component","allocation_fragility","The planned harder contribution is the opposite of the true harder contribution","direct_delta",NA,NA,NA,"equal_iut_full","full_contribution","iut","equal","transparent equal-allocation full-contribution baseline",260,0.025,50000,"common","normal",TRUE,0.25,0.55,0.55,0.25,0,0,1,1,1,0.333333,0.333333,0.333333,87,87,86,FALSE,FALSE,1.959964,1.959964,1.959964,0.37546,0.371215,0.379705,0.373035,0.373035,0.002425,NA,NA,NA,NA,NA,NA,NA,NA,0.37838,0.94926,0.376049,0.951244,202617191
"reversed_limiting_component__alpha_0p025","reversed_limiting_component","allocation_fragility","The planned harder contribution is the opposite of the true harder contribution","direct_delta",NA,NA,NA,"shared_arm_iut_full","full_contribution","iut","shared_arm_benchmark","shared-arm benchmark for two contribution comparisons",260,0.025,50000,"common","normal",TRUE,0.25,0.55,0.55,0.25,0,0,1,1,1,0.292893,0.292893,0.414214,76,76,108,FALSE,FALSE,1.959964,1.959964,1.959964,0.3846,0.380336,0.388864,0.381363,0.381363,0.003237,NA,NA,NA,NA,NA,NA,NA,NA,0.38928,0.95582,0.385824,0.956687,202617192
"reversed_limiting_component__alpha_0p025","reversed_limiting_component","allocation_fragility","The planned harder contribution is the opposite of the true harder contribution","direct_delta",NA,NA,NA,"plugin_iut_full","full_contribution","iut","plugin_joint_success","planned-effect allocation for the full-contribution IUT decision",260,0.025,50000,"common","normal",TRUE,0.25,0.55,0.55,0.25,0,0,1,1,1,0.21446,0.391672,0.393868,56,102,102,FALSE,FALSE,1.959964,1.959964,1.959964,0.32556,0.321453,0.329667,0.322488,0.416894,0.003072,NA,NA,NA,NA,NA,NA,NA,NA,0.3271,0.97504,0.323906,0.975456,202617193
"reversed_limiting_component__alpha_0p025","reversed_limiting_component","allocation_fragility","The planned harder contribution is the opposite of the true harder contribution","direct_delta",NA,NA,NA,"conservative_iut_full","full_contribution","iut","conservative_joint_success","conservative planned-effect allocation for uncertain contribution inputs",260,0.025,50000,"common","normal",TRUE,0.25,0.55,0.55,0.25,0,0,1,1,1,0.287045,0.357952,0.355004,75,93,92,FALSE,FALSE,1.959964,1.959964,1.959964,0.36434,0.360122,0.368558,0.359783,0.392417,0.004557,NA,NA,NA,NA,NA,NA,NA,NA,0.36674,0.96244,0.362044,0.962494,202617194
"reversed_limiting_component__alpha_0p025","reversed_limiting_component","allocation_fragility","The planned harder contribution is the opposite of the true harder contribution","direct_delta",NA,NA,NA,"marginal_iut_full","full_contribution","iut","marginal_power_comparator","diagnostic comparator that balances the weaker marginal contribution",260,0.025,50000,"common","normal",TRUE,0.25,0.55,0.55,0.25,0,0,1,1,1,0.207724,0.396138,0.396138,54,103,103,FALSE,FALSE,1.959964,1.959964,1.959964,0.3181,0.314018,0.322182,0.317135,0.418622,0.000965,NA,NA,NA,NA,NA,NA,NA,NA,0.31968,0.97636,0.31848,0.97654,202617195
"reversed_limiting_component__alpha_0p025","reversed_limiting_component","allocation_fragility","The planned harder contribution is the opposite of the true harder contribution","direct_delta",NA,NA,NA,"equal_maxT_separate","separate_component_claims","maxT","equal","optional separate component-claim family-wise analysis",260,0.025,50000,"common","normal",TRUE,0.25,0.55,0.55,0.25,0,0,1,1,1,0.333333,0.333333,0.333333,87,87,86,FALSE,FALSE,2.211806,2.211806,2.211806,0.28276,0.278813,0.286707,0.281538,0.281538,0.001222,NA,NA,NA,NA,NA,NA,NA,NA,0.28632,0.91818,0.285114,0.920018,202617196
"additive_positive_excess__alpha_0p025","additive_positive_excess","synergy_motivation","Additive excess parameter translates into both required contribution contrasts","additive_excess",0.15,0.2,0.15,"equal_iut_full","full_contribution","iut","equal","transparent equal-allocation full-contribution baseline",320,0.025,50000,"common","normal",TRUE,0.35,0.3,0.35,0.3,0,0,1,1,1,0.333333,0.333333,0.333333,107,107,106,FALSE,FALSE,1.959964,1.959964,1.959964,0.50538,0.500998,0.509762,0.497221,0.497221,0.008159,NA,NA,NA,NA,NA,NA,NA,NA,0.73012,0.5982,0.72376,0.590639,202618191
"additive_positive_excess__alpha_0p025","additive_positive_excess","synergy_motivation","Additive excess parameter translates into both required contribution contrasts","additive_excess",0.15,0.2,0.15,"shared_arm_iut_full","full_contribution","iut","shared_arm_benchmark","shared-arm benchmark for two contribution comparisons",320,0.025,50000,"common","normal",TRUE,0.35,0.3,0.35,0.3,0,0,1,1,1,0.292893,0.292893,0.414214,94,94,132,FALSE,FALSE,1.959964,1.959964,1.959964,0.50522,0.500838,0.509602,0.500012,0.500012,0.005208,NA,NA,NA,NA,NA,NA,NA,NA,0.73906,0.60842,0.736766,0.603696,202618192
"additive_positive_excess__alpha_0p025","additive_positive_excess","synergy_motivation","Additive excess parameter translates into both required contribution contrasts","additive_excess",0.15,0.2,0.15,"plugin_iut_full","full_contribution","iut","plugin_joint_success","planned-effect allocation for the full-contribution IUT decision",320,0.025,50000,"common","normal",TRUE,0.35,0.3,0.35,0.3,0,0,1,1,1,0.278742,0.332684,0.388573,89,107,124,FALSE,FALSE,1.959964,1.959964,1.959964,0.50332,0.498937,0.507703,0.504399,0.504399,0.001079,NA,NA,NA,NA,NA,NA,NA,NA,0.70956,0.62226,0.712042,0.623109,202618193
"additive_positive_excess__alpha_0p025","additive_positive_excess","synergy_motivation","Additive excess parameter translates into both required contribution contrasts","additive_excess",0.15,0.2,0.15,"conservative_iut_full","full_contribution","iut","conservative_joint_success","conservative planned-effect allocation for uncertain contribution inputs",320,0.025,50000,"common","normal",TRUE,0.35,0.3,0.35,0.3,0,0,1,1,1,0.313311,0.347722,0.338967,100,111,109,FALSE,FALSE,1.959964,1.959964,1.959964,0.50194,0.497557,0.506323,0.500899,0.500899,0.001041,NA,NA,NA,NA,NA,NA,NA,NA,0.71588,0.60406,0.714859,0.60442,202618194
"additive_positive_excess__alpha_0p025","additive_positive_excess","synergy_motivation","Additive excess parameter translates into both required contribution contrasts","additive_excess",0.15,0.2,0.15,"marginal_iut_full","full_contribution","iut","marginal_power_comparator","diagnostic comparator that balances the weaker marginal contribution",320,0.025,50000,"common","normal",TRUE,0.35,0.3,0.35,0.3,0,0,1,1,1,0.213675,0.38787,0.398455,68,124,128,FALSE,FALSE,1.959964,1.959964,1.959964,0.48956,0.485178,0.493942,0.487237,0.487237,0.002323,NA,NA,NA,NA,NA,NA,NA,NA,0.64576,0.66442,0.645209,0.66309,202618195
"additive_positive_excess__alpha_0p025","additive_positive_excess","synergy_motivation","Additive excess parameter translates into both required contribution contrasts","additive_excess",0.15,0.2,0.15,"equal_maxT_separate","separate_component_claims","maxT","equal","optional separate component-claim family-wise analysis",320,0.025,50000,"common","normal",TRUE,0.35,0.3,0.35,0.3,0,0,1,1,1,0.333333,0.333333,0.333333,107,107,106,FALSE,FALSE,2.211868,2.211868,2.211868,0.39434,0.390056,0.398624,0.389519,0.389519,0.004821,NA,NA,NA,NA,NA,NA,NA,NA,0.63518,0.494,0.633879,0.490939,202618196
"global_null__alpha_0p050","global_null","global_null","False full-contribution conclusion when neither component contribution is present","direct_delta",NA,NA,NA,"equal_iut_full","full_contribution","iut","equal","transparent equal-allocation full-contribution baseline",240,0.05,50000,"common","normal",TRUE,0,0,0.45,0.45,0,0,1,1,1,0.333333,0.333333,0.333333,80,80,80,TRUE,TRUE,1.644854,1.644854,1.644854,0.0127,0.011718,0.013682,0.012189,0.809757,0.000511,0.09088,0.08836,0.0934,0.087811,0.0127,0.011718,0.013682,0.012189,0.05108,0.0525,0.05,0.05,202619191
"global_null__alpha_0p050","global_null","global_null","False full-contribution conclusion when neither component contribution is present","direct_delta",NA,NA,NA,"shared_arm_iut_full","full_contribution","iut","shared_arm_benchmark","shared-arm benchmark for two contribution comparisons",240,0.05,50000,"common","normal",TRUE,0,0,0.45,0.45,0,0,1,1,1,0.292893,0.292893,0.414214,70,70,100,TRUE,TRUE,1.644854,1.644854,1.644854,0.01014,0.009262,0.011018,0.009726,0.816228,0.000414,0.09194,0.089407,0.094473,0.090274,0.01014,0.009262,0.011018,0.009726,0.05056,0.05152,0.05,0.05,202619192
"global_null__alpha_0p050","global_null","global_null","False full-contribution conclusion when neither component contribution is present","direct_delta",NA,NA,NA,"plugin_iut_full","full_contribution","iut","plugin_joint_success","planned-effect allocation for the full-contribution IUT decision",240,0.05,50000,"common","normal",TRUE,0,0,0.45,0.45,0,0,1,1,1,0.333333,0.333333,0.333333,80,80,80,TRUE,TRUE,1.644854,1.644854,1.644854,0.01306,0.012065,0.014055,0.012189,0.809757,0.000871,0.0899,0.087393,0.092407,0.087811,0.01306,0.012065,0.014055,0.012189,0.0516,0.05136,0.05,0.05,202619193
"global_null__alpha_0p050","global_null","global_null","False full-contribution conclusion when neither component contribution is present","direct_delta",NA,NA,NA,"conservative_iut_full","full_contribution","iut","conservative_joint_success","conservative planned-effect allocation for uncertain contribution inputs",240,0.05,50000,"common","normal",TRUE,0,0,0.45,0.45,0,0,1,1,1,0.333333,0.333333,0.333333,80,80,80,TRUE,TRUE,1.644854,1.644854,1.644854,0.01268,0.011699,0.013661,0.012189,0.809757,0.000491,0.09148,0.088953,0.094007,0.087811,0.01268,0.011699,0.013661,0.012189,0.05332,0.05084,0.05,0.05,202619194
"global_null__alpha_0p050","global_null","global_null","False full-contribution conclusion when neither component contribution is present","direct_delta",NA,NA,NA,"marginal_iut_full","full_contribution","iut","marginal_power_comparator","diagnostic comparator that balances the weaker marginal contribution",240,0.05,50000,"common","normal",TRUE,0,0,0.45,0.45,0,0,1,1,1,0.333333,0.333333,0.333333,80,80,80,TRUE,TRUE,1.644854,1.644854,1.644854,0.01302,0.012026,0.014014,0.012189,0.809757,0.000831,0.0892,0.086702,0.091698,0.087811,0.01302,0.012026,0.014014,0.012189,0.05302,0.0492,0.05,0.05,202619195
"global_null__alpha_0p050","global_null","global_null","False full-contribution conclusion when neither component contribution is present","direct_delta",NA,NA,NA,"equal_maxT_separate","separate_component_claims","maxT","equal","optional separate component-claim family-wise analysis",240,0.05,50000,"common","normal",TRUE,0,0,0.45,0.45,0,0,1,1,1,0.333333,0.333333,0.333333,80,80,80,TRUE,TRUE,1.916332,1.916332,1.916332,0.00482,0.004213,0.005427,0.005323,0.720166,0.000503,0.04962,0.047717,0.051523,0.05,0.00482,0.004213,0.005427,0.005323,0.0273,0.02714,0.027661,0.027661,202619196
"partial_null_AB_minus_A__alpha_0p050","partial_null_AB_minus_A","partial_null","False full-contribution conclusion when AB does not beat A","direct_delta",NA,NA,NA,"equal_iut_full","full_contribution","iut","equal","transparent equal-allocation full-contribution baseline",240,0.05,50000,"common","normal",TRUE,0,0.45,0.45,0.45,0,0,1,1,1,0.333333,0.333333,0.333333,80,80,80,TRUE,FALSE,1.644854,1.644854,1.644854,0.05124,0.049307,0.053173,0.049716,0.809757,0.001524,0.05146,0.049523,0.053397,0.05,0.05124,0.049307,0.053173,0.049716,0.05146,0.88502,0.05,0.885162,202620191
"partial_null_AB_minus_A__alpha_0p050","partial_null_AB_minus_A","partial_null","False full-contribution conclusion when AB does not beat A","direct_delta",NA,NA,NA,"shared_arm_iut_full","full_contribution","iut","shared_arm_benchmark","shared-arm benchmark for two contribution comparisons",240,0.05,50000,"common","normal",TRUE,0,0.45,0.45,0.45,0,0,1,1,1,0.292893,0.292893,0.414214,70,70,100,TRUE,FALSE,1.644854,1.644854,1.644854,0.05082,0.048895,0.052745,0.049417,0.816228,0.001403,0.05164,0.0497,0.05358,0.05,0.05082,0.048895,0.052745,0.049417,0.05164,0.89314,0.05,0.893019,202620192
"partial_null_AB_minus_A__alpha_0p050","partial_null_AB_minus_A","partial_null","False full-contribution conclusion when AB does not beat A","direct_delta",NA,NA,NA,"plugin_iut_full","full_contribution","iut","plugin_joint_success","planned-effect allocation for the full-contribution IUT decision",240,0.05,50000,"common","normal",TRUE,0,0.45,0.45,0.45,0,0,1,1,1,0.333333,0.333333,0.333333,80,80,80,TRUE,FALSE,1.644854,1.644854,1.644854,0.05024,0.048325,0.052155,0.049716,0.809757,0.000524,0.05058,0.048659,0.052501,0.05,0.05024,0.048325,0.052155,0.049716,0.05058,0.88172,0.05,0.885162,202620193
"partial_null_AB_minus_A__alpha_0p050","partial_null_AB_minus_A","partial_null","False full-contribution conclusion when AB does not beat A","direct_delta",NA,NA,NA,"conservative_iut_full","full_contribution","iut","conservative_joint_success","conservative planned-effect allocation for uncertain contribution inputs",240,0.05,50000,"common","normal",TRUE,0,0.45,0.45,0.45,0,0,1,1,1,0.333333,0.333333,0.333333,80,80,80,TRUE,FALSE,1.644854,1.644854,1.644854,0.0511,0.04917,0.05303,0.049716,0.809757,0.001384,0.05148,0.049543,0.053417,0.05,0.0511,0.04917,0.05303,0.049716,0.05148,0.88364,0.05,0.885162,202620194
"partial_null_AB_minus_A__alpha_0p050","partial_null_AB_minus_A","partial_null","False full-contribution conclusion when AB does not beat A","direct_delta",NA,NA,NA,"marginal_iut_full","full_contribution","iut","marginal_power_comparator","diagnostic comparator that balances the weaker marginal contribution",240,0.05,50000,"common","normal",TRUE,0,0.45,0.45,0.45,0,0,1,1,1,0.333333,0.333333,0.333333,80,80,80,TRUE,FALSE,1.644854,1.644854,1.644854,0.04966,0.047756,0.051564,0.049716,0.809757,5.6e-05,0.0499,0.047991,0.051809,0.05,0.04966,0.047756,0.051564,0.049716,0.0499,0.88534,0.05,0.885162,202620195
"partial_null_AB_minus_A__alpha_0p050","partial_null_AB_minus_A","partial_null","False full-contribution conclusion when AB does not beat A","direct_delta",NA,NA,NA,"equal_maxT_separate","separate_component_claims","maxT","equal","optional separate component-claim family-wise analysis",240,0.05,50000,"common","normal",TRUE,0,0.45,0.45,0.45,0,0,1,1,1,0.333333,0.333333,0.333333,80,80,80,TRUE,FALSE,1.916332,1.916332,1.916332,0.02826,0.026807,0.029713,0.02741,0.720166,0.00085,0.02838,0.026924,0.029836,0.027661,0.02826,0.026807,0.029713,0.02741,0.02838,0.82378,0.027661,0.823741,202620196
"partial_null_AB_minus_B__alpha_0p050","partial_null_AB_minus_B","partial_null","False full-contribution conclusion when AB does not beat B","direct_delta",NA,NA,NA,"equal_iut_full","full_contribution","iut","equal","transparent equal-allocation full-contribution baseline",240,0.05,50000,"common","normal",TRUE,0.45,0,0.45,0.45,0,0,1,1,1,0.333333,0.333333,0.333333,80,80,80,FALSE,TRUE,1.644854,1.644854,1.644854,0.05162,0.049681,0.053559,0.049716,0.809757,0.001904,0.05204,0.050093,0.053987,0.05,0.05162,0.049681,0.053559,0.049716,0.88376,0.05204,0.885162,0.05,202621191
"partial_null_AB_minus_B__alpha_0p050","partial_null_AB_minus_B","partial_null","False full-contribution conclusion when AB does not beat B","direct_delta",NA,NA,NA,"shared_arm_iut_full","full_contribution","iut","shared_arm_benchmark","shared-arm benchmark for two contribution comparisons",240,0.05,50000,"common","normal",TRUE,0.45,0,0.45,0.45,0,0,1,1,1,0.292893,0.292893,0.414214,70,70,100,FALSE,TRUE,1.644854,1.644854,1.644854,0.04938,0.047481,0.051279,0.049417,0.816228,3.7e-05,0.04994,0.048031,0.051849,0.05,0.04938,0.047481,0.051279,0.049417,0.89288,0.04994,0.893019,0.05,202621192
"partial_null_AB_minus_B__alpha_0p050","partial_null_AB_minus_B","partial_null","False full-contribution conclusion when AB does not beat B","direct_delta",NA,NA,NA,"plugin_iut_full","full_contribution","iut","plugin_joint_success","planned-effect allocation for the full-contribution IUT decision",240,0.05,50000,"common","normal",TRUE,0.45,0,0.45,0.45,0,0,1,1,1,0.333333,0.333333,0.333333,80,80,80,FALSE,TRUE,1.644854,1.644854,1.644854,0.05264,0.050683,0.054597,0.049716,0.809757,0.002924,0.05292,0.050958,0.054882,0.05,0.05264,0.050683,0.054597,0.049716,0.88608,0.05292,0.885162,0.05,202621193
"partial_null_AB_minus_B__alpha_0p050","partial_null_AB_minus_B","partial_null","False full-contribution conclusion when AB does not beat B","direct_delta",NA,NA,NA,"conservative_iut_full","full_contribution","iut","conservative_joint_success","conservative planned-effect allocation for uncertain contribution inputs",240,0.05,50000,"common","normal",TRUE,0.45,0,0.45,0.45,0,0,1,1,1,0.333333,0.333333,0.333333,80,80,80,FALSE,TRUE,1.644854,1.644854,1.644854,0.0516,0.049661,0.053539,0.049716,0.809757,0.001884,0.05186,0.049916,0.053804,0.05,0.0516,0.049661,0.053539,0.049716,0.88242,0.05186,0.885162,0.05,202621194
"partial_null_AB_minus_B__alpha_0p050","partial_null_AB_minus_B","partial_null","False full-contribution conclusion when AB does not beat B","direct_delta",NA,NA,NA,"marginal_iut_full","full_contribution","iut","marginal_power_comparator","diagnostic comparator that balances the weaker marginal contribution",240,0.05,50000,"common","normal",TRUE,0.45,0,0.45,0.45,0,0,1,1,1,0.333333,0.333333,0.333333,80,80,80,FALSE,TRUE,1.644854,1.644854,1.644854,0.0507,0.048777,0.052623,0.049716,0.809757,0.000984,0.05104,0.049111,0.052969,0.05,0.0507,0.048777,0.052623,0.049716,0.88348,0.05104,0.885162,0.05,202621195
"partial_null_AB_minus_B__alpha_0p050","partial_null_AB_minus_B","partial_null","False full-contribution conclusion when AB does not beat B","direct_delta",NA,NA,NA,"equal_maxT_separate","separate_component_claims","maxT","equal","optional separate component-claim family-wise analysis",240,0.05,50000,"common","normal",TRUE,0.45,0,0.45,0.45,0,0,1,1,1,0.333333,0.333333,0.333333,80,80,80,FALSE,TRUE,1.916332,1.916332,1.916332,0.02866,0.027198,0.030122,0.02741,0.720166,0.00125,0.02892,0.027451,0.030389,0.027661,0.02866,0.027198,0.030122,0.02741,0.82206,0.02892,0.823741,0.027661,202621196
"balanced_positive__alpha_0p050","balanced_positive","alternative","Balanced contribution effects under correctly planned effects","direct_delta",NA,NA,NA,"equal_iut_full","full_contribution","iut","equal","transparent equal-allocation full-contribution baseline",240,0.05,50000,"common","normal",TRUE,0.45,0.45,0.45,0.45,0,0,1,1,1,0.333333,0.333333,0.333333,80,80,80,FALSE,FALSE,1.644854,1.644854,1.644854,0.81606,0.812664,0.819456,0.809757,0.809757,0.006303,NA,NA,NA,NA,NA,NA,NA,NA,0.88902,0.88824,0.885162,0.885162,202622191
"balanced_positive__alpha_0p050","balanced_positive","alternative","Balanced contribution effects under correctly planned effects","direct_delta",NA,NA,NA,"shared_arm_iut_full","full_contribution","iut","shared_arm_benchmark","shared-arm benchmark for two contribution comparisons",240,0.05,50000,"common","normal",TRUE,0.45,0.45,0.45,0.45,0,0,1,1,1,0.292893,0.292893,0.414214,70,70,100,FALSE,FALSE,1.644854,1.644854,1.644854,0.81542,0.812019,0.818821,0.816228,0.816228,0.000808,NA,NA,NA,NA,NA,NA,NA,NA,0.89144,0.89184,0.893019,0.893019,202622192
"balanced_positive__alpha_0p050","balanced_positive","alternative","Balanced contribution effects under correctly planned effects","direct_delta",NA,NA,NA,"plugin_iut_full","full_contribution","iut","plugin_joint_success","planned-effect allocation for the full-contribution IUT decision",240,0.05,50000,"common","normal",TRUE,0.45,0.45,0.45,0.45,0,0,1,1,1,0.333333,0.333333,0.333333,80,80,80,FALSE,FALSE,1.644854,1.644854,1.644854,0.81018,0.806743,0.813617,0.809757,0.809757,0.000423,NA,NA,NA,NA,NA,NA,NA,NA,0.88508,0.88514,0.885162,0.885162,202622193
"balanced_positive__alpha_0p050","balanced_positive","alternative","Balanced contribution effects under correctly planned effects","direct_delta",NA,NA,NA,"conservative_iut_full","full_contribution","iut","conservative_joint_success","conservative planned-effect allocation for uncertain contribution inputs",240,0.05,50000,"common","normal",TRUE,0.45,0.45,0.45,0.45,0,0,1,1,1,0.333333,0.333333,0.333333,80,80,80,FALSE,FALSE,1.644854,1.644854,1.644854,0.80992,0.806481,0.813359,0.809757,0.809757,0.000163,NA,NA,NA,NA,NA,NA,NA,NA,0.88548,0.88568,0.885162,0.885162,202622194
"balanced_positive__alpha_0p050","balanced_positive","alternative","Balanced contribution effects under correctly planned effects","direct_delta",NA,NA,NA,"marginal_iut_full","full_contribution","iut","marginal_power_comparator","diagnostic comparator that balances the weaker marginal contribution",240,0.05,50000,"common","normal",TRUE,0.45,0.45,0.45,0.45,0,0,1,1,1,0.333333,0.333333,0.333333,80,80,80,FALSE,FALSE,1.644854,1.644854,1.644854,0.808,0.804548,0.811452,0.809757,0.809757,0.001757,NA,NA,NA,NA,NA,NA,NA,NA,0.8828,0.88404,0.885162,0.885162,202622195
"balanced_positive__alpha_0p050","balanced_positive","alternative","Balanced contribution effects under correctly planned effects","direct_delta",NA,NA,NA,"equal_maxT_separate","separate_component_claims","maxT","equal","optional separate component-claim family-wise analysis",240,0.05,50000,"common","normal",TRUE,0.45,0.45,0.45,0.45,0,0,1,1,1,0.333333,0.333333,0.333333,80,80,80,FALSE,FALSE,1.916332,1.916332,1.916332,0.71692,0.712971,0.720869,0.720166,0.720166,0.003246,NA,NA,NA,NA,NA,NA,NA,NA,0.82024,0.82302,0.823741,0.823741,202622196
"limiting_AB_minus_A__alpha_0p050","limiting_AB_minus_A","alternative","The first contribution contrast is harder and the planned vector is correct","direct_delta",NA,NA,NA,"equal_iut_full","full_contribution","iut","equal","transparent equal-allocation full-contribution baseline",260,0.05,50000,"common","normal",TRUE,0.28,0.55,0.28,0.55,0,0,1,1,1,0.333333,0.333333,0.333333,87,87,86,FALSE,FALSE,1.644854,1.644854,1.644854,0.5744,0.570066,0.578734,0.5747,0.5747,3e-04,NA,NA,NA,NA,NA,NA,NA,NA,0.57768,0.97522,0.577902,0.975704,202623191
"limiting_AB_minus_A__alpha_0p050","limiting_AB_minus_A","alternative","The first contribution contrast is harder and the planned vector is correct","direct_delta",NA,NA,NA,"shared_arm_iut_full","full_contribution","iut","shared_arm_benchmark","shared-arm benchmark for two contribution comparisons",260,0.05,50000,"common","normal",TRUE,0.28,0.55,0.28,0.55,0,0,1,1,1,0.292893,0.292893,0.414214,76,76,108,FALSE,FALSE,1.644854,1.644854,1.644854,0.58606,0.581743,0.590377,0.584796,0.584796,0.001264,NA,NA,NA,NA,NA,NA,NA,NA,0.59022,0.97932,0.589111,0.97875,202623192
"limiting_AB_minus_A__alpha_0p050","limiting_AB_minus_A","alternative","The first contribution contrast is harder and the planned vector is correct","direct_delta",NA,NA,NA,"plugin_iut_full","full_contribution","iut","plugin_joint_success","planned-effect allocation for the full-contribution IUT decision",260,0.05,50000,"common","normal",TRUE,0.28,0.55,0.28,0.55,0,0,1,1,1,0.397549,0.199724,0.402727,103,52,105,FALSE,FALSE,1.644854,1.644854,1.644854,0.63082,0.62659,0.63505,0.628503,0.628503,0.002317,NA,NA,NA,NA,NA,NA,NA,NA,0.64802,0.94512,0.645858,0.945046,202623193
"limiting_AB_minus_A__alpha_0p050","limiting_AB_minus_A","alternative","The first contribution contrast is harder and the planned vector is correct","direct_delta",NA,NA,NA,"conservative_iut_full","full_contribution","iut","conservative_joint_success","conservative planned-effect allocation for uncertain contribution inputs",260,0.05,50000,"common","normal",TRUE,0.28,0.55,0.28,0.55,0,0,1,1,1,0.373364,0.253898,0.372738,97,66,97,FALSE,FALSE,1.644854,1.644854,1.644854,0.61198,0.607709,0.616251,0.611798,0.611798,0.000182,NA,NA,NA,NA,NA,NA,NA,NA,0.61964,0.9653,0.619863,0.96423,202623194
"limiting_AB_minus_A__alpha_0p050","limiting_AB_minus_A","alternative","The first contribution contrast is harder and the planned vector is correct","direct_delta",NA,NA,NA,"marginal_iut_full","full_contribution","iut","marginal_power_comparator","diagnostic comparator that balances the weaker marginal contribution",260,0.05,50000,"common","normal",TRUE,0.28,0.55,0.28,0.55,0,0,1,1,1,0.403183,0.193633,0.403183,105,50,105,FALSE,FALSE,1.644854,1.644854,1.644854,0.62936,0.625127,0.633593,0.629849,0.629849,0.000489,NA,NA,NA,NA,NA,NA,NA,NA,0.65052,0.93836,0.649488,0.940155,202623195
"limiting_AB_minus_A__alpha_0p050","limiting_AB_minus_A","alternative","The first contribution contrast is harder and the planned vector is correct","direct_delta",NA,NA,NA,"equal_maxT_separate","separate_component_claims","maxT","equal","optional separate component-claim family-wise analysis",260,0.05,50000,"common","normal",TRUE,0.28,0.55,0.28,0.55,0,0,1,1,1,0.333333,0.333333,0.333333,87,87,86,FALSE,FALSE,1.915913,1.915913,1.915913,0.46492,0.460548,0.469292,0.465894,0.465894,0.000974,NA,NA,NA,NA,NA,NA,NA,NA,0.4697,0.954,0.470294,0.955537,202623196
"limiting_AB_minus_B__alpha_0p050","limiting_AB_minus_B","alternative","The second contribution contrast is harder and the planned vector is correct","direct_delta",NA,NA,NA,"equal_iut_full","full_contribution","iut","equal","transparent equal-allocation full-contribution baseline",260,0.05,50000,"common","normal",TRUE,0.55,0.28,0.55,0.28,0,0,1,1,1,0.333333,0.333333,0.333333,87,87,86,FALSE,FALSE,1.644854,1.644854,1.644854,0.57462,0.570286,0.578954,0.5747,0.5747,8e-05,NA,NA,NA,NA,NA,NA,NA,NA,0.9749,0.57794,0.975704,0.577902,202624191
"limiting_AB_minus_B__alpha_0p050","limiting_AB_minus_B","alternative","The second contribution contrast is harder and the planned vector is correct","direct_delta",NA,NA,NA,"shared_arm_iut_full","full_contribution","iut","shared_arm_benchmark","shared-arm benchmark for two contribution comparisons",260,0.05,50000,"common","normal",TRUE,0.55,0.28,0.55,0.28,0,0,1,1,1,0.292893,0.292893,0.414214,76,76,108,FALSE,FALSE,1.644854,1.644854,1.644854,0.58636,0.582043,0.590677,0.584796,0.584796,0.001564,NA,NA,NA,NA,NA,NA,NA,NA,0.97888,0.59058,0.97875,0.589111,202624192
"limiting_AB_minus_B__alpha_0p050","limiting_AB_minus_B","alternative","The second contribution contrast is harder and the planned vector is correct","direct_delta",NA,NA,NA,"plugin_iut_full","full_contribution","iut","plugin_joint_success","planned-effect allocation for the full-contribution IUT decision",260,0.05,50000,"common","normal",TRUE,0.55,0.28,0.55,0.28,0,0,1,1,1,0.199724,0.397549,0.402727,52,103,105,FALSE,FALSE,1.644854,1.644854,1.644854,0.63242,0.628194,0.636646,0.628503,0.628503,0.003917,NA,NA,NA,NA,NA,NA,NA,NA,0.9461,0.64982,0.945046,0.645858,202624193
"limiting_AB_minus_B__alpha_0p050","limiting_AB_minus_B","alternative","The second contribution contrast is harder and the planned vector is correct","direct_delta",NA,NA,NA,"conservative_iut_full","full_contribution","iut","conservative_joint_success","conservative planned-effect allocation for uncertain contribution inputs",260,0.05,50000,"common","normal",TRUE,0.55,0.28,0.55,0.28,0,0,1,1,1,0.253898,0.373364,0.372738,66,97,97,FALSE,FALSE,1.644854,1.644854,1.644854,0.61402,0.609753,0.618287,0.611798,0.611798,0.002222,NA,NA,NA,NA,NA,NA,NA,NA,0.96432,0.62258,0.96423,0.619863,202624194
"limiting_AB_minus_B__alpha_0p050","limiting_AB_minus_B","alternative","The second contribution contrast is harder and the planned vector is correct","direct_delta",NA,NA,NA,"marginal_iut_full","full_contribution","iut","marginal_power_comparator","diagnostic comparator that balances the weaker marginal contribution",260,0.05,50000,"common","normal",TRUE,0.55,0.28,0.55,0.28,0,0,1,1,1,0.193633,0.403183,0.403183,50,105,105,FALSE,FALSE,1.644854,1.644854,1.644854,0.62606,0.621819,0.630301,0.629849,0.629849,0.003789,NA,NA,NA,NA,NA,NA,NA,NA,0.93852,0.6464,0.940155,0.649488,202624195
"limiting_AB_minus_B__alpha_0p050","limiting_AB_minus_B","alternative","The second contribution contrast is harder and the planned vector is correct","direct_delta",NA,NA,NA,"equal_maxT_separate","separate_component_claims","maxT","equal","optional separate component-claim family-wise analysis",260,0.05,50000,"common","normal",TRUE,0.55,0.28,0.55,0.28,0,0,1,1,1,0.333333,0.333333,0.333333,87,87,86,FALSE,FALSE,1.915913,1.915913,1.915913,0.4677,0.463326,0.472074,0.465894,0.465894,0.001806,NA,NA,NA,NA,NA,NA,NA,NA,0.95606,0.47126,0.955537,0.470294,202624196
"positive_margin__alpha_0p050","positive_margin","margin_sensitivity","Both contributions must exceed a positive clinical margin","direct_delta",NA,NA,NA,"equal_iut_full","full_contribution","iut","equal","transparent equal-allocation full-contribution baseline",280,0.05,50000,"common","normal",TRUE,0.55,0.55,0.55,0.55,0.1,0.1,1,1,1,0.333333,0.333333,0.333333,94,93,93,FALSE,FALSE,1.644854,1.644854,1.644854,0.86788,0.864912,0.870848,0.86897,0.86897,0.00109,NA,NA,NA,NA,NA,NA,NA,NA,0.92378,0.9218,0.923918,0.922739,202625191
"positive_margin__alpha_0p050","positive_margin","margin_sensitivity","Both contributions must exceed a positive clinical margin","direct_delta",NA,NA,NA,"shared_arm_iut_full","full_contribution","iut","shared_arm_benchmark","shared-arm benchmark for two contribution comparisons",280,0.05,50000,"common","normal",TRUE,0.55,0.55,0.55,0.55,0.1,0.1,1,1,1,0.292893,0.292893,0.414214,82,82,116,FALSE,FALSE,1.644854,1.644854,1.644854,0.87516,0.872263,0.878057,0.875754,0.875754,0.000594,NA,NA,NA,NA,NA,NA,NA,NA,0.92888,0.92962,0.929779,0.929779,202625192
"positive_margin__alpha_0p050","positive_margin","margin_sensitivity","Both contributions must exceed a positive clinical margin","direct_delta",NA,NA,NA,"plugin_iut_full","full_contribution","iut","plugin_joint_success","planned-effect allocation for the full-contribution IUT decision",280,0.05,50000,"common","normal",TRUE,0.55,0.55,0.55,0.55,0.1,0.1,1,1,1,0.333333,0.333333,0.333333,94,93,93,FALSE,FALSE,1.644854,1.644854,1.644854,0.86882,0.865861,0.871779,0.86897,0.86897,0.00015,NA,NA,NA,NA,NA,NA,NA,NA,0.9234,0.92214,0.923918,0.922739,202625193
"positive_margin__alpha_0p050","positive_margin","margin_sensitivity","Both contributions must exceed a positive clinical margin","direct_delta",NA,NA,NA,"conservative_iut_full","full_contribution","iut","conservative_joint_success","conservative planned-effect allocation for uncertain contribution inputs",280,0.05,50000,"common","normal",TRUE,0.55,0.55,0.55,0.55,0.1,0.1,1,1,1,0.333333,0.333333,0.333333,94,93,93,FALSE,FALSE,1.644854,1.644854,1.644854,0.86908,0.866123,0.872037,0.86897,0.86897,0.00011,NA,NA,NA,NA,NA,NA,NA,NA,0.92392,0.9231,0.923918,0.922739,202625194
"positive_margin__alpha_0p050","positive_margin","margin_sensitivity","Both contributions must exceed a positive clinical margin","direct_delta",NA,NA,NA,"marginal_iut_full","full_contribution","iut","marginal_power_comparator","diagnostic comparator that balances the weaker marginal contribution",280,0.05,50000,"common","normal",TRUE,0.55,0.55,0.55,0.55,0.1,0.1,1,1,1,0.333333,0.333333,0.333333,94,93,93,FALSE,FALSE,1.644854,1.644854,1.644854,0.86714,0.864165,0.870115,0.86897,0.86897,0.00183,NA,NA,NA,NA,NA,NA,NA,NA,0.92214,0.92272,0.923918,0.922739,202625195
"positive_margin__alpha_0p050","positive_margin","margin_sensitivity","Both contributions must exceed a positive clinical margin","direct_delta",NA,NA,NA,"equal_maxT_separate","separate_component_claims","maxT","equal","optional separate component-claim family-wise analysis",280,0.05,50000,"common","normal",TRUE,0.55,0.55,0.55,0.55,0.1,0.1,1,1,1,0.333333,0.333333,0.333333,94,93,93,FALSE,FALSE,1.916138,1.916138,1.916138,0.80096,0.79746,0.80446,0.796483,0.796483,0.004477,NA,NA,NA,NA,NA,NA,NA,NA,0.88024,0.87804,0.877107,0.875432,202625196
"unequal_variance_positive__alpha_0p050","unequal_variance_positive","variance_sensitivity","Correct effects with unequal arm variances and Welch standard errors","direct_delta",NA,NA,NA,"equal_iut_full","full_contribution","iut","equal","transparent equal-allocation full-contribution baseline",270,0.05,50000,"welch","normal",TRUE,0.45,0.45,0.45,0.45,0,0,1.4,1.2,0.9,0.333333,0.333333,0.333333,90,90,90,FALSE,FALSE,1.644854,1.644854,1.644854,0.81154,0.808112,0.814968,0.812874,0.812874,0.001334,NA,NA,NA,NA,NA,NA,NA,NA,0.87876,0.90178,0.879018,0.903386,202626191
"unequal_variance_positive__alpha_0p050","unequal_variance_positive","variance_sensitivity","Correct effects with unequal arm variances and Welch standard errors","direct_delta",NA,NA,NA,"shared_arm_iut_full","full_contribution","iut","shared_arm_benchmark","shared-arm benchmark for two contribution comparisons",270,0.05,50000,"welch","normal",TRUE,0.45,0.45,0.45,0.45,0,0,1.4,1.2,0.9,0.292893,0.292893,0.414214,79,79,112,FALSE,FALSE,1.644854,1.644854,1.644854,0.8051,0.801628,0.808572,0.807398,0.807398,0.002298,NA,NA,NA,NA,NA,NA,NA,NA,0.87444,0.90374,0.876782,0.904549,202626192
"unequal_variance_positive__alpha_0p050","unequal_variance_positive","variance_sensitivity","Correct effects with unequal arm variances and Welch standard errors","direct_delta",NA,NA,NA,"plugin_iut_full","full_contribution","iut","plugin_joint_success","planned-effect allocation for the full-contribution IUT decision",270,0.05,50000,"welch","normal",TRUE,0.45,0.45,0.45,0.45,0,0,1.4,1.2,0.9,0.333333,0.333333,0.333333,90,90,90,FALSE,FALSE,1.644854,1.644854,1.644854,0.8117,0.808273,0.815127,0.812874,0.812874,0.001174,NA,NA,NA,NA,NA,NA,NA,NA,0.8771,0.9039,0.879018,0.903386,202626193
"unequal_variance_positive__alpha_0p050","unequal_variance_positive","variance_sensitivity","Correct effects with unequal arm variances and Welch standard errors","direct_delta",NA,NA,NA,"conservative_iut_full","full_contribution","iut","conservative_joint_success","conservative planned-effect allocation for uncertain contribution inputs",270,0.05,50000,"welch","normal",TRUE,0.45,0.45,0.45,0.45,0,0,1.4,1.2,0.9,0.333333,0.333333,0.333333,90,90,90,FALSE,FALSE,1.644854,1.644854,1.644854,0.81202,0.808595,0.815445,0.812874,0.812874,0.000854,NA,NA,NA,NA,NA,NA,NA,NA,0.87746,0.9036,0.879018,0.903386,202626194
"unequal_variance_positive__alpha_0p050","unequal_variance_positive","variance_sensitivity","Correct effects with unequal arm variances and Welch standard errors","direct_delta",NA,NA,NA,"marginal_iut_full","full_contribution","iut","marginal_power_comparator","diagnostic comparator that balances the weaker marginal contribution",270,0.05,50000,"welch","normal",TRUE,0.45,0.45,0.45,0.45,0,0,1.4,1.2,0.9,0.333333,0.333333,0.333333,90,90,90,FALSE,FALSE,1.644854,1.644854,1.644854,0.8148,0.811395,0.818205,0.812874,0.812874,0.001926,NA,NA,NA,NA,NA,NA,NA,NA,0.88008,0.90446,0.879018,0.903386,202626195
"unequal_variance_positive__alpha_0p050","unequal_variance_positive","variance_sensitivity","Correct effects with unequal arm variances and Welch standard errors","direct_delta",NA,NA,NA,"equal_maxT_separate","separate_component_claims","maxT","equal","optional separate component-claim family-wise analysis",270,0.05,50000,"welch","normal",TRUE,0.45,0.45,0.45,0.45,0,0,1.4,1.2,0.9,0.333333,0.333333,0.333333,90,90,90,FALSE,FALSE,1.927529,1.898967,1.943087,0.72014,0.716205,0.724075,0.718454,0.718454,0.001686,NA,NA,NA,NA,NA,NA,NA,NA,0.8139,0.84642,0.812478,0.845676,202626196
"heavy_tail_global_null__alpha_0p050","heavy_tail_global_null","distribution_sensitivity","False full-contribution conclusion under modest nonnormality","direct_delta",NA,NA,NA,"equal_iut_full","full_contribution","iut","equal","transparent equal-allocation full-contribution baseline",300,0.05,50000,"common","t5",FALSE,0,0,0.45,0.45,0,0,1,1,1,0.333333,0.333333,0.333333,100,100,100,TRUE,TRUE,1.644854,1.644854,1.644854,0.01272,0.011738,0.013702,0.012189,0.892281,0.000531,0.0879,0.085418,0.090382,0.087811,0.01272,0.011738,0.013702,0.012189,0.04998,0.05064,0.05,0.05,202627191
"heavy_tail_global_null__alpha_0p050","heavy_tail_global_null","distribution_sensitivity","False full-contribution conclusion under modest nonnormality","direct_delta",NA,NA,NA,"shared_arm_iut_full","full_contribution","iut","shared_arm_benchmark","shared-arm benchmark for two contribution comparisons",300,0.05,50000,"common","t5",FALSE,0,0,0.45,0.45,0,0,1,1,1,0.292893,0.292893,0.414214,88,88,124,TRUE,TRUE,1.644854,1.644854,1.644854,0.00962,0.008764,0.010476,0.009812,0.89852,0.000192,0.08968,0.087176,0.092184,0.090188,0.00962,0.008764,0.010476,0.009812,0.0495,0.0498,0.05,0.05,202627192
"heavy_tail_global_null__alpha_0p050","heavy_tail_global_null","distribution_sensitivity","False full-contribution conclusion under modest nonnormality","direct_delta",NA,NA,NA,"plugin_iut_full","full_contribution","iut","plugin_joint_success","planned-effect allocation for the full-contribution IUT decision",300,0.05,50000,"common","t5",FALSE,0,0,0.45,0.45,0,0,1,1,1,0.333333,0.333333,0.333333,100,100,100,TRUE,TRUE,1.644854,1.644854,1.644854,0.01192,0.010969,0.012871,0.012189,0.892281,0.000269,0.08642,0.083957,0.088883,0.087811,0.01192,0.010969,0.012871,0.012189,0.04934,0.049,0.05,0.05,202627193
"heavy_tail_global_null__alpha_0p050","heavy_tail_global_null","distribution_sensitivity","False full-contribution conclusion under modest nonnormality","direct_delta",NA,NA,NA,"conservative_iut_full","full_contribution","iut","conservative_joint_success","conservative planned-effect allocation for uncertain contribution inputs",300,0.05,50000,"common","t5",FALSE,0,0,0.45,0.45,0,0,1,1,1,0.333333,0.333333,0.333333,100,100,100,TRUE,TRUE,1.644854,1.644854,1.644854,0.0126,0.011622,0.013578,0.012189,0.892281,0.000411,0.08926,0.086761,0.091759,0.087811,0.0126,0.011622,0.013578,0.012189,0.05134,0.05052,0.05,0.05,202627194
"heavy_tail_global_null__alpha_0p050","heavy_tail_global_null","distribution_sensitivity","False full-contribution conclusion under modest nonnormality","direct_delta",NA,NA,NA,"marginal_iut_full","full_contribution","iut","marginal_power_comparator","diagnostic comparator that balances the weaker marginal contribution",300,0.05,50000,"common","t5",FALSE,0,0,0.45,0.45,0,0,1,1,1,0.333333,0.333333,0.333333,100,100,100,TRUE,TRUE,1.644854,1.644854,1.644854,0.01236,0.011392,0.013328,0.012189,0.892281,0.000171,0.08804,0.085556,0.090524,0.087811,0.01236,0.011392,0.013328,0.012189,0.05052,0.04988,0.05,0.05,202627195
"heavy_tail_global_null__alpha_0p050","heavy_tail_global_null","distribution_sensitivity","False full-contribution conclusion under modest nonnormality","direct_delta",NA,NA,NA,"equal_maxT_separate","separate_component_claims","maxT","equal","optional separate component-claim family-wise analysis",300,0.05,50000,"common","t5",FALSE,0,0,0.45,0.45,0,0,1,1,1,0.333333,0.333333,0.333333,100,100,100,TRUE,TRUE,1.916332,1.916332,1.916332,0.00598,0.005304,0.006656,0.005323,0.828066,0.000657,0.05078,0.048856,0.052704,0.05,0.00598,0.005304,0.006656,0.005323,0.0287,0.02806,0.027661,0.027661,202627196
"overoptimistic_planning__alpha_0p050","overoptimistic_planning","effect_misspecification","The planned effects are stronger than the true effects","direct_delta",NA,NA,NA,"equal_iut_full","full_contribution","iut","equal","transparent equal-allocation full-contribution baseline",240,0.05,50000,"common","normal",TRUE,0.32,0.32,0.55,0.55,0,0,1,1,1,0.333333,0.333333,0.333333,80,80,80,FALSE,FALSE,1.644854,1.644854,1.644854,0.49556,0.491177,0.499943,0.493677,0.940207,0.001883,NA,NA,NA,NA,NA,NA,NA,NA,0.64768,0.64754,0.647658,0.647658,202628191
"overoptimistic_planning__alpha_0p050","overoptimistic_planning","effect_misspecification","The planned effects are stronger than the true effects","direct_delta",NA,NA,NA,"shared_arm_iut_full","full_contribution","iut","shared_arm_benchmark","shared-arm benchmark for two contribution comparisons",240,0.05,50000,"common","normal",TRUE,0.32,0.32,0.55,0.55,0,0,1,1,1,0.292893,0.292893,0.414214,70,70,100,FALSE,FALSE,1.644854,1.644854,1.644854,0.4939,0.489518,0.498282,0.492467,0.945008,0.001433,NA,NA,NA,NA,NA,NA,NA,NA,0.66038,0.6553,0.658565,0.658565,202628192
"overoptimistic_planning__alpha_0p050","overoptimistic_planning","effect_misspecification","The planned effects are stronger than the true effects","direct_delta",NA,NA,NA,"plugin_iut_full","full_contribution","iut","plugin_joint_success","planned-effect allocation for the full-contribution IUT decision",240,0.05,50000,"common","normal",TRUE,0.32,0.32,0.55,0.55,0,0,1,1,1,0.333333,0.333333,0.333333,80,80,80,FALSE,FALSE,1.644854,1.644854,1.644854,0.49434,0.489958,0.498722,0.493677,0.940207,0.000663,NA,NA,NA,NA,NA,NA,NA,NA,0.64716,0.64626,0.647658,0.647658,202628193
"overoptimistic_planning__alpha_0p050","overoptimistic_planning","effect_misspecification","The planned effects are stronger than the true effects","direct_delta",NA,NA,NA,"conservative_iut_full","full_contribution","iut","conservative_joint_success","conservative planned-effect allocation for uncertain contribution inputs",240,0.05,50000,"common","normal",TRUE,0.32,0.32,0.55,0.55,0,0,1,1,1,0.333333,0.333333,0.333333,80,80,80,FALSE,FALSE,1.644854,1.644854,1.644854,0.49348,0.489098,0.497862,0.493677,0.940207,0.000197,NA,NA,NA,NA,NA,NA,NA,NA,0.64598,0.64768,0.647658,0.647658,202628194
"overoptimistic_planning__alpha_0p050","overoptimistic_planning","effect_misspecification","The planned effects are stronger than the true effects","direct_delta",NA,NA,NA,"marginal_iut_full","full_contribution","iut","marginal_power_comparator","diagnostic comparator that balances the weaker marginal contribution",240,0.05,50000,"common","normal",TRUE,0.32,0.32,0.55,0.55,0,0,1,1,1,0.333333,0.333333,0.333333,80,80,80,FALSE,FALSE,1.644854,1.644854,1.644854,0.49216,0.487778,0.496542,0.493677,0.940207,0.001517,NA,NA,NA,NA,NA,NA,NA,NA,0.64954,0.64368,0.647658,0.647658,202628195
"overoptimistic_planning__alpha_0p050","overoptimistic_planning","effect_misspecification","The planned effects are stronger than the true effects","direct_delta",NA,NA,NA,"equal_maxT_separate","separate_component_claims","maxT","equal","optional separate component-claim family-wise analysis",240,0.05,50000,"common","normal",TRUE,0.32,0.32,0.55,0.55,0,0,1,1,1,0.333333,0.333333,0.333333,80,80,80,FALSE,FALSE,1.916332,1.916332,1.916332,0.37982,0.375566,0.384074,0.377206,0.89718,0.002614,NA,NA,NA,NA,NA,NA,NA,NA,0.54608,0.54268,0.542814,0.542814,202628196
"reversed_limiting_component__alpha_0p050","reversed_limiting_component","allocation_fragility","The planned harder contribution is the opposite of the true harder contribution","direct_delta",NA,NA,NA,"equal_iut_full","full_contribution","iut","equal","transparent equal-allocation full-contribution baseline",260,0.05,50000,"common","normal",TRUE,0.25,0.55,0.55,0.25,0,0,1,1,1,0.333333,0.333333,0.333333,87,87,86,FALSE,FALSE,1.644854,1.644854,1.644854,0.49584,0.491457,0.500223,0.497518,0.497518,0.001678,NA,NA,NA,NA,NA,NA,NA,NA,0.49818,0.9757,0.499696,0.975704,202629191
"reversed_limiting_component__alpha_0p050","reversed_limiting_component","allocation_fragility","The planned harder contribution is the opposite of the true harder contribution","direct_delta",NA,NA,NA,"shared_arm_iut_full","full_contribution","iut","shared_arm_benchmark","shared-arm benchmark for two contribution comparisons",260,0.05,50000,"common","normal",TRUE,0.25,0.55,0.55,0.25,0,0,1,1,1,0.292893,0.292893,0.414214,76,76,108,FALSE,FALSE,1.644854,1.644854,1.644854,0.50524,0.500858,0.509622,0.506801,0.506801,0.001561,NA,NA,NA,NA,NA,NA,NA,NA,0.50824,0.97816,0.509929,0.97875,202629192
"reversed_limiting_component__alpha_0p050","reversed_limiting_component","allocation_fragility","The planned harder contribution is the opposite of the true harder contribution","direct_delta",NA,NA,NA,"plugin_iut_full","full_contribution","iut","plugin_joint_success","planned-effect allocation for the full-contribution IUT decision",260,0.05,50000,"common","normal",TRUE,0.25,0.55,0.55,0.25,0,0,1,1,1,0.207622,0.39491,0.397468,54,103,103,FALSE,FALSE,1.644854,1.644854,1.644854,0.43294,0.428597,0.437283,0.436764,0.547735,0.003824,NA,NA,NA,NA,NA,NA,NA,NA,0.4339,0.9894,0.437684,0.989336,202629193
"reversed_limiting_component__alpha_0p050","reversed_limiting_component","allocation_fragility","The planned harder contribution is the opposite of the true harder contribution","direct_delta",NA,NA,NA,"conservative_iut_full","full_contribution","iut","conservative_joint_success","conservative planned-effect allocation for uncertain contribution inputs",260,0.05,50000,"common","normal",TRUE,0.25,0.55,0.55,0.25,0,0,1,1,1,0.164493,0.386351,0.449156,43,100,117,FALSE,FALSE,1.644854,1.644854,1.644854,0.40222,0.397922,0.406518,0.403167,0.552519,0.000947,NA,NA,NA,NA,NA,NA,NA,NA,0.40304,0.99218,0.404008,0.99166,202629194
"reversed_limiting_component__alpha_0p050","reversed_limiting_component","allocation_fragility","The planned harder contribution is the opposite of the true harder contribution","direct_delta",NA,NA,NA,"marginal_iut_full","full_contribution","iut","marginal_power_comparator","diagnostic comparator that balances the weaker marginal contribution",260,0.05,50000,"common","normal",TRUE,0.25,0.55,0.55,0.25,0,0,1,1,1,0.202947,0.398527,0.398527,53,104,103,FALSE,FALSE,1.644854,1.644854,1.644854,0.43394,0.429596,0.438284,0.433207,0.548691,0.000733,NA,NA,NA,NA,NA,NA,NA,NA,0.43486,0.98942,0.434091,0.989602,202629195
"reversed_limiting_component__alpha_0p050","reversed_limiting_component","allocation_fragility","The planned harder contribution is the opposite of the true harder contribution","direct_delta",NA,NA,NA,"equal_maxT_separate","separate_component_claims","maxT","equal","optional separate component-claim family-wise analysis",260,0.05,50000,"common","normal",TRUE,0.25,0.55,0.55,0.25,0,0,1,1,1,0.333333,0.333333,0.333333,87,87,86,FALSE,FALSE,1.915913,1.915913,1.915913,0.38312,0.378859,0.387381,0.389978,0.389978,0.006858,NA,NA,NA,NA,NA,NA,NA,NA,0.3863,0.95484,0.392879,0.955537,202629196
"additive_positive_excess__alpha_0p050","additive_positive_excess","synergy_motivation","Additive excess parameter translates into both required contribution contrasts","additive_excess",0.15,0.2,0.15,"equal_iut_full","full_contribution","iut","equal","transparent equal-allocation full-contribution baseline",320,0.05,50000,"common","normal",TRUE,0.35,0.3,0.35,0.3,0,0,1,1,1,0.333333,0.333333,0.333333,107,107,106,FALSE,FALSE,1.644854,1.644854,1.644854,0.63326,0.629036,0.637484,0.630753,0.630753,0.002507,NA,NA,NA,NA,NA,NA,NA,NA,0.81948,0.7087,0.818367,0.706883,202630191
"additive_positive_excess__alpha_0p050","additive_positive_excess","synergy_motivation","Additive excess parameter translates into both required contribution contrasts","additive_excess",0.15,0.2,0.15,"shared_arm_iut_full","full_contribution","iut","shared_arm_benchmark","shared-arm benchmark for two contribution comparisons",320,0.05,50000,"common","normal",TRUE,0.35,0.3,0.35,0.3,0,0,1,1,1,0.292893,0.292893,0.414214,94,94,132,FALSE,FALSE,1.644854,1.644854,1.644854,0.63812,0.633908,0.642332,0.63543,0.63543,0.00269,NA,NA,NA,NA,NA,NA,NA,NA,0.82886,0.71956,0.828567,0.71838,202630192
"additive_positive_excess__alpha_0p050","additive_positive_excess","synergy_motivation","Additive excess parameter translates into both required contribution contrasts","additive_excess",0.15,0.2,0.15,"plugin_iut_full","full_contribution","iut","plugin_joint_success","planned-effect allocation for the full-contribution IUT decision",320,0.05,50000,"common","normal",TRUE,0.35,0.3,0.35,0.3,0,0,1,1,1,0.275691,0.331902,0.392407,88,106,126,FALSE,FALSE,1.644854,1.644854,1.644854,0.64052,0.636314,0.644726,0.639363,0.639363,0.001157,NA,NA,NA,NA,NA,NA,NA,NA,0.80804,0.7376,0.809075,0.736102,202630193
"additive_positive_excess__alpha_0p050","additive_positive_excess","synergy_motivation","Additive excess parameter translates into both required contribution contrasts","additive_excess",0.15,0.2,0.15,"conservative_iut_full","full_contribution","iut","conservative_joint_success","conservative planned-effect allocation for uncertain contribution inputs",320,0.05,50000,"common","normal",TRUE,0.35,0.3,0.35,0.3,0,0,1,1,1,0.315049,0.340725,0.344226,101,109,110,FALSE,FALSE,1.644854,1.644854,1.644854,0.63506,0.63084,0.63928,0.634915,0.634915,0.000145,NA,NA,NA,NA,NA,NA,NA,NA,0.81592,0.7172,0.814568,0.717327,202630194
"additive_positive_excess__alpha_0p050","additive_positive_excess","synergy_motivation","Additive excess parameter translates into both required contribution contrasts","additive_excess",0.15,0.2,0.15,"marginal_iut_full","full_contribution","iut","marginal_power_comparator","diagnostic comparator that balances the weaker marginal contribution",320,0.05,50000,"common","normal",TRUE,0.35,0.3,0.35,0.3,0,0,1,1,1,0.202887,0.31983,0.477282,65,102,153,FALSE,FALSE,1.644854,1.644854,1.644854,0.61696,0.612699,0.621221,0.616021,0.616021,0.000939,NA,NA,NA,NA,NA,NA,NA,NA,0.76466,0.76024,0.763966,0.758679,202630195
"additive_positive_excess__alpha_0p050","additive_positive_excess","synergy_motivation","Additive excess parameter translates into both required contribution contrasts","additive_excess",0.15,0.2,0.15,"equal_maxT_separate","separate_component_claims","maxT","equal","optional separate component-claim family-wise analysis",320,0.05,50000,"common","normal",TRUE,0.35,0.3,0.35,0.3,0,0,1,1,1,0.333333,0.333333,0.333333,107,107,106,FALSE,FALSE,1.915992,1.915992,1.915992,0.51476,0.510379,0.519141,0.516229,0.516229,0.001469,NA,NA,NA,NA,NA,NA,NA,NA,0.73748,0.60824,0.73827,0.607636,202630196
